Unnamed: 0,H,M,S,Nome,Maquina,IP,Anomalia,Fator_risco
0,16,29,4,theteacher@empresax.COM.BR,empresaxLAB02$,192.168.100.57,0,9.97659071652442
1,14,12,4,pogó@empresax.COM.BR,empresaxLAB05$,192.168.100.66,0,0.13595560027141684
2,12,55,4,jinx@empresax.COM.BR,empresaxLAB03$,192.168.100.60,0,23.72473994964802
3,18,22,4,kael-el@empresax.COM.BR,empresaxWKSLEN02$,192.168.100.55,0,7.539249188331759
4,12,3,4,maryjane@empresax.COM.BR,empresaxLAB04$,192.168.100.58,0,24.796953322255206
5,15,21,4,kael-el@empresax.COM.BR,empresaxWKSLEN02$,192.168.100.55,0,4.299170531977269
6,22,52,4,mutley@empresax.COM.BR,HYPERV$,192.168.102.221,1,
7,19,14,5,theteacher@empresax.COM.BR,empresaxLAB02$,192.168.100.57,0,59.6385484326653
8,12,41,5,theteacher@empresax.COM.BR,empresaxLAB02$,192.168.100.57,0,31.56451248348344
9,15,7,5,maryjane@empresax.COM.BR,empresaxLAB04$,192.168.100.58,0,3.805219091858251
10,16,36,5,laracroft@empresax.COM.BR,empresaxWKS13A$,192.168.109.53,0,2.2051621076772565
11,14,33,5,hanskelsen@empresax.COM.BR,empresaxWKS05$,192.168.100.59,0,6.682210797763343
12,15,0,5,magaiver@empresax.COM.BR,empresaxWKS14A$,192.168.100.69,0,0.10717293227660796
13,13,55,5,hanskelsen@empresax.COM.BR,empresaxWKS05$,192.168.100.59,0,23.863480206289882
14,14,50,5,magaiver@empresax.COM.BR,empresaxWKS14A$,192.168.100.69,0,1.1219508508078258
15,14,49,5,magaiver@empresax.COM.BR,empresaxWKS14A$,192.168.100.69,0,5.851817921303722
16,17,32,5,hanskelsen@empresax.COM.BR,empresaxWKS05$,192.168.100.59,0,8.188012230216142
17,12,21,5,magaiver@empresax.COM.BR,empresaxWKS14A$,192.168.100.69,0,27.932578111533992
18,15,54,5,magaiver@empresax.COM.BR,empresaxWKS14A$,192.168.100.69,0,0.8998320286054318
19,17,17,5,pogó@empresax.COM.BR,empresaxLAB05$,192.168.100.66,0,8.609115652682718
20,14,45,3,hanskelsen@empresax.COM.BR,empresaxWKS05$,192.168.100.59,0,6.739137573390986
21,17,47,3,backwidow@empresax.COM.BR,empresaxWKSS06$,192.168.100.68,0,5.451243247688645
22,12,38,3,backwidow@empresax.COM.BR,empresaxWKSS06$,192.168.100.68,0,39.83068390813273
23,12,39,3,hanskelsen@empresax.COM.BR,empresaxWKS05$,192.168.100.59,0,37.2353774689916
24,14,9,3,pogó@empresax.COM.BR,empresaxLAB05$,192.168.100.66,0,2.9882616003847806
25,17,50,3,jinx@empresax.COM.BR,empresaxLAB03$,192.168.100.60,0,0.2111033716162658
26,20,3,3,jinx@empresax.COM.BR,empresaxLAB03$,192.168.100.60,0,56.81649694037065
27,11,50,3,kael-el@empresax.COM.BR,empresaxWKSLEN02$,192.168.100.55,0,0.004620933247094783
28,13,1,3,hanskelsen@empresax.COM.BR,empresaxWKS05$,192.168.100.59,0,29.15304954161944
29,14,10,3,kael-el@empresax.COM.BR,empresaxWKSLEN02$,192.168.100.55,0,1.2825803240892786
30,17,16,3,pogó@empresax.COM.BR,empresaxLAB05$,192.168.100.66,0,7.951970964592463
31,2,37,2,mutley@empresax.COM.BR,HYPERV$,192.168.102.221,1,96.33544185708571
32,16,40,5,magaiver@empresax.COM.BR,empresaxWKS14A$,192.168.100.55,0,6.03245352608205
33,16,46,5,theteacher@empresax.COM.BR,empresaxLAB02$,192.168.100.58,0,3.468183243628542
34,16,40,5,pogó@empresax.COM.BR,empresaxTAB01$,172.25.0.43,0,0.893021383022049
35,18,2,5,maryjane@empresax.COM.BR,empresaxLAB04$,192.168.100.62,0,0.009974815820434912
36,18,28,5,hanskelsen@empresax.COM.BR,empresaxWKS05$,192.168.100.64,0,9.21181789732055
37,18,0,5,theteacher@empresax.COM.BR,empresaxLAB02$,192.168.100.58,0,1.1670571044977263
38,16,50,5,hanskelsen@empresax.COM.BR,empresaxWKS05$,192.168.100.64,0,7.420409146919865
39,9,44,5,hanskelsen@empresax.COM.BR,HYPERV$,192.168.100.64,0,3.930632818430727
40,11,43,5,theteacher@empresax.COM.BR,empresaxLAB02$,192.168.100.58,0,9.279415009191315
41,12,27,5,laracroft@empresax.COM.BR,empresaxWKS13A$,192.168.100.65,0,29.868270662639674
42,13,23,5,backwidow@empresax.COM.BR,empresaxWKSS06$,192.168.100.68,1,20.298825586539575
43,13,29,5,hanskelsen@empresax.COM.BR,HYPERV$,192.168.100.64,0,36.01126364651249
44,13,46,5,kael-el@empresax.COM.BR,empresaxWKSLEN02$,192.168.100.59,0,23.901117114943645
45,14,13,5,hanskelsen@empresax.COM.BR,empresaxWKS05$,192.168.100.64,0,7.526602743349608
46,14,10,5,dora@empresax.COM.BR,empresaxNOTE-LAB03$,192.168.100.66,0,1.751923272418171
47,14,36,5,maryjane@empresax.COM.BR,empresaxLAB04$,192.168.100.62,0,2.968896674815081
48,15,47,5,theteacher@empresax.COM.BR,empresaxLAB02$,192.168.100.58,0,5.068851173261411
49,15,54,5,hanskelsen@empresax.COM.BR,HYPERV$,192.168.100.64,0,1.8112544141979126
50,15,59,5,backwidow@empresax.COM.BR,empresaxWKSS06$,192.168.100.68,0,2.048041151137526
51,15,59,5,theteacher@empresax.COM.BR,empresaxLAB02$,192.168.100.58,0,3.0924574082250658
52,16,20,5,hanskelsen@empresax.COM.BR,empresaxWKS05$,192.168.100.64,0,7.517084849985447
53,16,20,5,kael-el@empresax.COM.BR,empresaxWKSLEN02$,192.168.100.59,0,7.403159531733904
54,16,41,5,magaiver@empresax.COM.BR,empresaxWKS14A$,192.168.100.61,0,5.527466356441014
55,16,45,5,jinx@empresax.COM.BR,empresaxLAB03$,192.168.100.57,0,5.383132442811917
56,17,56,5,backwidow@empresax.COM.BR,empresaxWKSS06$,192.168.100.68,0,8.269203923764811
57,18,59,5,pogó@empresax.COM.BR,empresaxTAB01$,192.168.100.75,0,9.289672951030123
58,19,9,5,kael-el@empresax.COM.BR,empresaxWKSLEN02$,192.168.100.59,0,56.026734342293985
59,19,11,5,maryjane@empresax.COM.BR,empresaxLAB04$,192.168.100.62,0,56.898866317722366
60,19,18,5,jinx@empresax.COM.BR,empresaxLAB03$,192.168.100.57,0,57.69099775060141
61,19,21,5,magaiver@empresax.COM.BR,empresaxWKS14A$,192.168.100.61,0,59.885235539045055
62,19,31,5,hanskelsen@empresax.COM.BR,HYPERV$,192.168.100.64,0,59.232426900305036
63,20,20,5,hanskelsen@empresax.COM.BR,HYPERV$,192.168.100.64,0,57.7688161481914
64,20,20,5,jinx@empresax.COM.BR,empresaxLAB03$,192.168.100.57,0,58.95604305115624
65,20,19,5,hanskelsen@empresax.COM.BR,empresaxWKS05$,192.168.100.64,0,54.48273407856438
66,20,27,5,kael-el@empresax.COM.BR,empresaxWKSLEN02$,192.168.100.59,0,58.10305896401193
67,21,11,5,hanskelsen@empresax.COM.BR,empresaxWKS05$,192.168.100.64,0,54.653841858742176
68,21,12,1,hanskelsen@empresax.COM.BR,empresaxWKS05$,192.168.100.59,0,52.70882624896815
69,1,23,2,pogó@empresax.COM.BR,empresaxLAB05$,192.168.100.66,1,92.72482592031136
70,20,57,1,hanskelsen@empresax.COM.BR,empresaxWKS05$,192.168.100.59,0,59.25442046206084
71,20,52,1,hanskelsen@empresax.COM.BR,empresaxWKS05$,192.168.100.59,0,56.779085399718234
72,20,57,1,jinx@empresax.COM.BR,empresaxLAB03$,192.168.100.60,0,58.45078476271618
73,5,4,4,hanskelsen@empresax.COM.BR,HYPERV$,192.168.100.64,0,97.79748409891877
74,6,25,4,hanskelsen@empresax.COM.BR,HYPERV$,192.168.100.64,0,48.469163905320386
75,11,4,4,mutley@empresax.COM.BR,HYPERV$,192.168.102.221,0,1.3410092119257977
76,12,6,4,hanskelsen@empresax.COM.BR,HYPERV$,192.168.100.64,0,25.053226651244323
77,13,6,4,hanskelsen@empresax.COM.BR,HYPERV$,192.168.100.64,0,28.42409113461555
78,14,8,4,theteacher@empresax.COM.BR,empresaxLAB02$,192.168.100.58,0,1.192536767791419
79,14,22,4,hanskelsen@empresax.COM.BR,empresaxWKS05$,192.168.100.64,0,6.143064602700651
80,15,3,4,sid@empresax.COM.BR,empresaxWKS11$,192.168.100.78,0,6.887220452043179
81,16,33,4,magaiver@empresax.COM.BR,empresaxWKS14A$,192.168.100.59,0,7.45031810450959
82,16,48,4,backwidow@empresax.COM.BR,empresaxWKSS06$,192.168.100.68,0,9.827930656340463
83,17,2,4,kael-el@empresax.COM.BR,empresaxWKSLEN02$,192.168.100.54,0,1.191439769770023
84,16,54,4,hanskelsen@empresax.COM.BR,HYPERV$,192.168.100.64,0,1.3897675203321214
85,17,44,4,hanskelsen@empresax.COM.BR,empresaxWKS05$,192.168.100.64,0,5.068348669342308
86,18,15,4,hanskelsen@empresax.COM.BR,HYPERV$,192.168.100.64,0,6.03020892442542
87,19,43,4,backwidow@empresax.COM.BR,empresaxWKSS06$,192.168.100.68,1,59.53815562765325
88,20,11,4,maryjane@empresax.COM.BR,empresaxLAB04$,192.168.100.62,0,54.530003057159476
89,20,23,4,pogó@empresax.COM.BR,empresaxTAB01$,192.168.100.67,0,58.01362374382343
90,13,6,4,hanskelsen@empresax.COM.BR,HYPERV$,192.168.100.64,0,22.798930148342013
91,14,8,4,theteacher@empresax.COM.BR,empresaxLAB02$,192.168.100.58,0,2.9916233481267698
92,14,22,4,hanskelsen@empresax.COM.BR,empresaxWKS05$,192.168.100.64,0,5.261099518134093
93,15,3,4,sid@empresax.COM.BR,empresaxWKS11$,192.168.100.78,0,9.093501032068193
94,16,33,4,magaiver@empresax.COM.BR,empresaxWKS14A$,192.168.100.59,0,8.969685039703602
95,16,48,4,backwidow@empresax.COM.BR,empresaxWKSS06$,192.168.100.68,0,2.0549576755194487
96,17,2,4,kael-el@empresax.COM.BR,empresaxWKSLEN02$,192.168.100.54,0,9.278814662706814
97,16,54,4,hanskelsen@empresax.COM.BR,HYPERV$,192.168.100.64,0,2.6384588329887904
98,17,44,4,hanskelsen@empresax.COM.BR,empresaxWKS05$,192.168.100.64,0,6.268057567058484
99,18,15,4,hanskelsen@empresax.COM.BR,HYPERV$,192.168.100.64,0,8.3566771416351
100,19,43,4,backwidow@empresax.COM.BR,empresaxWKSS06$,192.168.100.68,1,55.95378016646258
101,20,11,4,maryjane@empresax.COM.BR,empresaxLAB04$,192.168.100.62,0,54.13521681671625
102,20,23,4,pogó@empresax.COM.BR,empresaxTAB01$,192.168.100.67,0,57.531573804148074
103,5,4,4,hanskelsen@empresax.COM.BR,HYPERV$,192.168.100.64,0,97.75110335163411
104,6,25,4,hanskelsen@empresax.COM.BR,HYPERV$,192.168.100.64,0,48.686138805480084
105,11,4,4,mutley@empresax.COM.BR,HYPERV$,192.168.102.221,0,6.802295893640489
106,12,6,4,hanskelsen@empresax.COM.BR,HYPERV$,192.168.100.64,0,29.86412102193692
107,11,50,5,kael-el@empresax.COM.BR,empresaxWKSLEN02$,192.168.109.52,1,6.8661542498064785
108,12,12,5,jinx@empresax.COM.BR,empresaxLAB03$,192.168.100.60,0,34.24301692692129
109,8,37,5,mutley@empresax.COM.BR,HYPERV$,192.168.102.221,0,42.80820713847818
110,14,10,5,backwidow@empresax.COM.BR,empresaxWKSS06$,192.168.100.68,0,3.682319193047899
111,16,40,5,backwidow@empresax.COM.BR,empresaxWKSS06$,192.168.100.68,0,2.831825479288963
112,16,47,5,magaiver@empresax.COM.BR,empresaxWKS14A$,192.168.100.69,0,4.0659644027299215
113,15,40,5,jinx@empresax.COM.BR,empresaxLAB03$,192.168.100.60,0,9.791937959060625
114,18,22,5,mutley@empresax.COM.BR,HYPERV$,192.168.102.221,0,6.080274659739084
115,15,1,5,kael-el@empresax.COM.BR,empresaxWKSLEN02$,192.168.109.52,1,7.016449066532075
116,15,6,5,theteacher@empresax.COM.BR,empresaxLAB02$,192.168.100.57,0,3.7163833801296264
117,18,1,5,theteacher@empresax.COM.BR,empresaxLAB02$,192.168.100.57,0,9.824871126455442
118,18,52,0,mutley@empresax.COM.BR,HYPERV$,192.168.102.221,0,4.977001509507577
119,9,7,0,mutley@empresax.COM.BR,HYPERV$,192.168.102.221,0,5.812042221327528
120,14,49,3,hanskelsen@empresax.COM.BR,empresaxWKS05$,192.168.100.59,0,7.716524227067922
121,20,47,3,hanskelsen@empresax.COM.BR,empresaxWKS05$,192.168.100.59,0,51.846855043142426
122,13,34,3,kael-el@empresax.COM.BR,empresaxWKSLEN02$,192.168.100.55,0,34.6584348644855
123,20,12,3,backwidow@empresax.COM.BR,empresaxWKSS06$,192.168.100.68,1,50.440617492006034
124,20,21,3,theteacher@empresax.COM.BR,empresaxLAB02$,192.168.100.57,0,51.91460800500587
125,13,41,3,theteacher@empresax.COM.BR,empresaxLAB02$,192.168.100.57,0,26.4873705886396
126,12,47,3,maryjane@empresax.COM.BR,empresaxLAB04$,192.168.100.58,0,33.41024609682354
127,12,46,3,kael-el@empresax.COM.BR,empresaxWKSLEN02$,192.168.100.55,0,34.37289475528201
128,13,6,3,hanskelsen@empresax.COM.BR,empresaxWKS05$,192.168.100.59,0,32.13881166470213
129,13,35,3,hanskelsen@empresax.COM.BR,empresaxWKS05$,192.168.100.59,0,36.27803606500521
130,15,6,3,maryjane@empresax.COM.BR,empresaxLAB04$,192.168.100.58,0,3.5584587108780195
131,15,28,3,magaiver@empresax.COM.BR,empresaxWKS14A$,192.168.100.51,0,9.039878701212695
132,18,55,3,maryjane@empresax.COM.BR,empresaxLAB04$,192.168.100.58,0,2.6665486134189242
133,16,31,3,backwidow@empresax.COM.BR,empresaxWKSS06$,192.168.100.68,0,8.167262156602462
134,13,29,5,hanskelsen@empresax.COM.BR,HYPERV$,192.168.100.64,0,23.896164177875704
135,13,33,5,sid@empresax.COM.BR,empresaxWKS11$,192.168.100.78,0,24.06410239294393
136,15,9,5,magaiver@empresax.COM.BR,empresaxWKS14A$,192.168.100.61,0,7.940100992761973
137,15,13,5,kael-el@empresax.COM.BR,empresaxWKSLEN02$,192.168.100.59,0,7.649842271083211
138,15,44,5,dora@empresax.COM.BR,empresaxNOTE-LAB03$,192.168.100.66,0,8.144431350436767
139,15,54,5,hanskelsen@empresax.COM.BR,empresaxWKS05$,192.168.100.64,0,3.172488044620202
140,16,2,5,jinx@empresax.COM.BR,empresaxLAB03$,192.168.100.57,0,2.248636193829252
141,16,0,5,kael-el@empresax.COM.BR,empresaxWKSLEN02$,192.168.100.59,0,1.1758530714083915
142,16,30,5,hanskelsen@empresax.COM.BR,HYPERV$,192.168.100.64,0,1.023239793285613
143,16,39,5,maryjane@empresax.COM.BR,empresaxLAB04$,192.168.100.62,0,8.250172563302048
144,16,46,5,laracroft@empresax.COM.BR,empresaxWKS13A$,192.168.100.65,0,2.0079333867381823
145,17,10,5,theteacher@empresax.COM.BR,empresaxLAB02$,192.168.100.58,0,8.995605171472299
146,17,32,5,hanskelsen@empresax.COM.BR,HYPERV$,192.168.100.64,0,4.586188154294277
147,17,50,5,magaiver@empresax.COM.BR,empresaxWKS14A$,192.168.100.61,0,3.0813641401711123
148,18,8,5,maryjane@empresax.COM.BR,empresaxLAB04$,192.168.100.62,0,7.398920715123387
149,18,14,5,sid@empresax.COM.BR,empresaxWKS11$,192.168.100.78,0,1.717080474904532
150,18,28,5,theteacher@empresax.COM.BR,empresaxLAB02$,192.168.100.58,0,4.6666886877363964
151,18,54,5,maryjane@empresax.COM.BR,empresaxLAB04$,192.168.100.62,0,2.6664554942780483
152,20,9,5,sid@empresax.COM.BR,empresaxWKS11$,192.168.100.78,0,55.87248592757587
153,21,12,5,hanskelsen@empresax.COM.BR,HYPERV$,192.168.100.64,0,55.307674441513186
154,21,12,5,hanskelsen@empresax.COM.BR,HYPERV$,192.168.100.64,0,51.103554309233395
155,5,47,5,hanskelsen@empresax.COM.BR,HYPERV$,192.168.100.64,0,97.24528375400787
156,6,59,5,hanskelsen@empresax.COM.BR,HYPERV$,192.168.100.64,0,41.26910905601418
157,9,56,5,hanskelsen@empresax.COM.BR,HYPERV$,192.168.100.64,0,2.019478440442107
158,12,15,5,kael-el@empresax.COM.BR,empresaxWKSLEN02$,192.168.100.59,0,21.558397616769703
159,12,5,3,theteacher@empresax.COM.BR,empresaxLAB02$,192.168.100.57,0,33.35201565255648
160,15,11,3,theteacher@empresax.COM.BR,empresaxLAB02$,192.168.100.57,0,3.2424914378678538
161,15,7,3,pogó@empresax.COM.BR,empresaxLAB05$,192.168.100.66,0,2.01875382650163
162,17,58,3,theteacher@empresax.COM.BR,empresaxLAB02$,192.168.100.57,0,0.9387488363376506
163,11,52,3,jinx@empresax.COM.BR,empresaxLAB03$,192.168.100.60,0,2.323577080204932
164,14,0,3,theteacher@empresax.COM.BR,empresaxLAB02$,192.168.100.57,0,0.22788910322190103
165,14,31,3,theteacher@empresax.COM.BR,empresaxLAB02$,192.168.100.57,0,2.9436956677063275
166,7,52,3,mutley@empresax.COM.BR,HYPERV$,192.168.102.221,0,40.59473562081975
167,17,16,3,magaiver@empresax.COM.BR,empresaxWKS14A$,192.168.100.51,0,7.016151773087664
168,12,47,3,theteacher@empresax.COM.BR,empresaxLAB02$,192.168.100.57,0,20.024958700973695
169,16,19,3,maryjane@empresax.COM.BR,empresaxLAB04$,192.168.100.58,0,0.06789613197851319
170,16,22,3,magaiver@empresax.COM.BR,empresaxWKS14A$,192.168.100.51,0,9.478181717290413
171,16,28,3,kael-el@empresax.COM.BR,empresaxWKSLEN02$,192.168.100.55,0,0.666000345051847
172,16,56,3,pogó@empresax.COM.BR,empresaxLAB05$,192.168.100.66,0,2.9645712572503493
173,17,35,3,kael-el@empresax.COM.BR,empresaxWKSLEN02$,192.168.100.60,0,8.980846381373947
174,2,52,4,hanskelsen@empresax.COM.BR,empresaxWKS05$,192.168.100.64,0,96.83469980681404
175,11,53,3,maryjane@empresax.COM.BR,empresaxLAB04$,192.168.100.62,0,7.463449057079858
176,19,26,3,kael-el@empresax.COM.BR,empresaxWKSLEN02$,192.168.100.60,0,55.01113483166015
177,20,44,3,hanskelsen@empresax.COM.BR,empresaxWKS05$,192.168.100.64,0,50.212681513163744
178,2,1,4,hanskelsen@empresax.COM.BR,empresaxWKS05$,192.168.100.64,0,98.75094329561347
179,15,28,3,backwidow@empresax.COM.BR,empresaxWKSS06$,192.168.100.71,0,4.8936099180627775
180,17,22,3,mutley@empresax.COM.BR,HYPERV$,192.168.102.221,0,0.9921387368966039
181,19,40,3,theteacher@empresax.COM.BR,empresaxLAB02$,192.168.100.58,0,54.78078901870187
182,7,37,3,mutley@empresax.COM.BR,HYPERV$,192.168.102.221,0,43.419886034700625
183,13,42,3,laracroft@empresax.COM.BR,empresaxWKS13A$,192.168.100.75,0,35.43380219321442
184,15,45,3,kael-el@empresax.COM.BR,empresaxWKSLEN02$,192.168.100.60,0,4.750627666702085
185,13,52,6,mutley@empresax.COM.BR,HYPERV$,192.168.102.221,0,20.87416356068297
186,23,37,6,mutley@empresax.COM.BR,HYPERV$,192.168.102.221,1,
187,16,44,5,hanskelsen@empresax.COM.BR,HYPERV$,192.168.102.210,0,4.556111345072141
188,16,8,5,hanskelsen@empresax.COM.BR,HYPERV$,192.168.100.64,0,5.711581479887439
189,19,21,5,magaiver@empresax.COM.BR,empresaxWKS14A$,192.168.100.55,0,56.76760314214217
190,16,8,5,hanskelsen@empresax.COM.BR,empresaxWKS05$,192.168.100.64,0,2.214977197889353
191,16,40,5,laracroft@empresax.COM.BR,empresaxWKS13A$,192.168.100.75,0,8.989828596047516
192,16,8,5,hanskelsen@empresax.COM.BR,HYPERV$,192.168.100.64,0,3.4914447053305873
193,18,5,5,hanskelsen@empresax.COM.BR,HYPERV$,192.168.100.64,0,0.5591359944452556
194,12,40,2,magaiver@empresax.COM.BR,empresaxWKS14A$,192.168.100.51,0,36.78345252148266
195,16,1,2,laracroft@empresax.COM.BR,empresaxWKS13A$,192.168.100.64,0,9.757419239346275
196,16,26,2,hanskelsen@empresax.COM.BR,empresaxWKS05$,192.168.100.59,0,2.720813407623055
197,18,48,2,theteacher@empresax.COM.BR,empresaxLAB02$,192.168.100.57,0,5.001180817060672
198,3,19,2,pogó@empresax.COM.BR,empresaxLAB05$,192.168.100.66,1,98.3008229487978
199,13,13,2,kael-el@empresax.COM.BR,empresaxWKSLEN02$,192.168.100.56,0,37.5046582590593
200,13,20,2,magaiver@empresax.COM.BR,empresaxWKS14A$,192.168.100.51,0,24.23157862723824
201,18,13,2,kael-el@empresax.COM.BR,empresaxWKSLEN02$,192.168.100.56,0,8.723066894930689
202,18,41,2,theteacher@empresax.COM.BR,empresaxLAB02$,192.168.100.57,0,2.8928140402038904
203,20,1,2,kael-el@empresax.COM.BR,empresaxWKSLEN02$,192.168.100.56,0,55.360922893535474
204,21,27,2,magaiver@empresax.COM.BR,empresaxWKS14A$,192.168.100.51,0,51.516121576112866
205,23,13,2,kael-el@empresax.COM.BR,empresaxWKSLEN02$,192.168.100.56,0,
206,11,46,2,theteacher@empresax.COM.BR,empresaxLAB02$,192.168.100.57,0,3.327421786419934
207,15,49,2,hanskelsen@empresax.COM.BR,empresaxWKS05$,192.168.100.59,0,0.39528787193255366
208,19,15,2,hanskelsen@empresax.COM.BR,empresaxWKS05$,192.168.100.59,0,53.3787561912371
209,20,8,2,jinx@empresax.COM.BR,empresaxLAB03$,192.168.100.60,0,57.61002135684797
210,21,46,2,magaiver@empresax.COM.BR,empresaxWKS14A$,192.168.100.51,0,56.16375393548931
211,22,7,2,mutley@empresax.COM.BR,HYPERV$,192.168.102.221,1,
212,22,59,2,magaiver@empresax.COM.BR,empresaxWKS14A$,192.168.100.51,0,
213,22,58,2,magaiver@empresax.COM.BR,empresaxWKS14A$,192.168.100.51,0,
214,11,43,2,jinx@empresax.COM.BR,empresaxLAB03$,192.168.100.60,0,4.454001562007921
215,15,3,2,theteacher@empresax.COM.BR,empresaxLAB02$,192.168.100.57,0,1.1926031210820764
216,22,56,2,jinx@empresax.COM.BR,empresaxLAB03$,192.168.100.60,1,
217,23,3,2,theteacher@empresax.COM.BR,empresaxLAB02$,192.168.100.57,1,
218,12,55,2,hanskelsen@empresax.COM.BR,empresaxWKS05$,192.168.100.59,0,25.806729939800015
219,14,13,2,theteacher@empresax.COM.BR,empresaxLAB02$,192.168.100.57,0,6.738278946572953
220,19,28,2,hanskelsen@empresax.COM.BR,empresaxWKS05$,192.168.100.59,0,54.133793270751504
221,20,3,2,laracroft@empresax.COM.BR,empresaxWKS13A$,192.168.100.64,0,58.42392708919381
222,11,35,4,hanskelsen@empresax.COM.BR,HYPERV$,192.168.100.64,0,4.634281648148094
223,11,40,4,maryjane@empresax.COM.BR,empresaxLAB04$,192.168.100.62,0,0.8761114968576045
224,11,43,4,kael-el@empresax.COM.BR,empresaxWKSLEN02$,192.168.100.54,0,1.9830224041787292
225,12,6,4,hanskelsen@empresax.COM.BR,empresaxWKS05$,192.168.100.64,0,36.97791519458252
226,12,40,4,magaiver@empresax.COM.BR,empresaxWKS14A$,192.168.100.59,0,26.083255661841687
227,12,47,4,pogó@empresax.COM.BR,empresaxTAB01$,192.168.100.67,0,38.43048856672061
228,13,35,4,hanskelsen@empresax.COM.BR,empresaxWKS05$,192.168.100.64,0,27.038902152941212
229,13,42,4,pogó@empresax.COM.BR,empresaxTAB01$,192.168.100.67,0,39.650754276182646
230,13,47,4,hanskelsen@empresax.COM.BR,HYPERV$,192.168.100.64,0,38.78645610015097
231,13,56,4,magaiver@empresax.COM.BR,empresaxWKS14A$,192.168.100.59,0,34.393314928281114
232,14,12,4,pogó@empresax.COM.BR,empresaxTAB01$,192.168.100.67,0,8.793815431811616
233,14,52,4,sid@empresax.COM.BR,empresaxWKS11$,192.168.100.78,0,5.6898960698555925
234,16,23,4,jinx@empresax.COM.BR,empresaxLAB03$,192.168.100.56,0,2.7417050295639944
235,16,45,4,sid@empresax.COM.BR,empresaxWKS11$,192.168.100.78,0,8.258426616324432
236,17,57,4,pogó@empresax.COM.BR,empresaxTAB01$,192.168.100.67,0,6.126111874646384
237,17,53,4,kael-el@empresax.COM.BR,empresaxWKSLEN02$,192.168.100.54,0,8.710661005284495
238,18,13,4,hanskelsen@empresax.COM.BR,empresaxWKS05$,192.168.100.64,0,8.19478995925676
239,18,18,4,kael-el@empresax.COM.BR,empresaxWKSLEN02$,192.168.100.54,0,5.603105608444644
240,18,17,4,magaiver@empresax.COM.BR,empresaxWKS14A$,192.168.100.59,0,9.227013714183418
241,18,51,4,magaiver@empresax.COM.BR,empresaxWKS14A$,192.168.100.59,0,7.585384594845774
242,19,9,4,jinx@empresax.COM.BR,empresaxLAB03$,192.168.100.56,0,59.86344644392497
243,19,24,4,hanskelsen@empresax.COM.BR,empresaxWKS05$,192.168.100.64,0,52.417919811169334
244,19,56,4,hanskelsen@empresax.COM.BR,HYPERV$,192.168.100.64,0,59.81164500437887
245,20,49,4,mutley@empresax.COM.BR,HYPERV$,192.168.102.221,0,52.75800819083375
246,11,35,4,hanskelsen@empresax.COM.BR,HYPERV$,192.168.100.64,0,1.3519550167441041
247,11,40,4,maryjane@empresax.COM.BR,empresaxLAB04$,192.168.100.62,0,1.0668750245725978
248,11,43,4,kael-el@empresax.COM.BR,empresaxWKSLEN02$,192.168.100.54,0,4.764334678748622
249,12,6,4,hanskelsen@empresax.COM.BR,empresaxWKS05$,192.168.100.64,0,23.24586278203221
250,12,40,4,magaiver@empresax.COM.BR,empresaxWKS14A$,192.168.100.59,0,28.725637766475288
251,12,47,4,pogó@empresax.COM.BR,empresaxTAB01$,192.168.100.67,0,39.374430209765144
252,13,35,4,hanskelsen@empresax.COM.BR,empresaxWKS05$,192.168.100.64,0,35.66346413847345
253,13,42,4,pogó@empresax.COM.BR,empresaxTAB01$,192.168.100.67,0,37.849020104895985
254,13,47,4,hanskelsen@empresax.COM.BR,HYPERV$,192.168.100.64,0,36.83361199675957
255,13,56,4,magaiver@empresax.COM.BR,empresaxWKS14A$,192.168.100.59,0,34.77305192811411
256,14,12,4,pogó@empresax.COM.BR,empresaxTAB01$,192.168.100.67,0,0.7703599642485637
257,14,52,4,sid@empresax.COM.BR,empresaxWKS11$,192.168.100.78,0,3.3078484174465075
258,16,23,4,jinx@empresax.COM.BR,empresaxLAB03$,192.168.100.56,0,0.6775057831910902
259,16,45,4,sid@empresax.COM.BR,empresaxWKS11$,192.168.100.78,0,5.6784158686572095
260,17,57,4,pogó@empresax.COM.BR,empresaxTAB01$,192.168.100.67,0,6.963064961774736
261,17,53,4,kael-el@empresax.COM.BR,empresaxWKSLEN02$,192.168.100.54,0,3.1310800399332726
262,18,13,4,hanskelsen@empresax.COM.BR,empresaxWKS05$,192.168.100.64,0,8.893383862970392
263,18,18,4,kael-el@empresax.COM.BR,empresaxWKSLEN02$,192.168.100.54,0,9.066005048305723
264,18,17,4,magaiver@empresax.COM.BR,empresaxWKS14A$,192.168.100.59,0,9.121421160433272
265,18,51,4,magaiver@empresax.COM.BR,empresaxWKS14A$,192.168.100.59,0,8.311785087475501
266,19,9,4,jinx@empresax.COM.BR,empresaxLAB03$,192.168.100.56,0,59.59747591852967
267,19,24,4,hanskelsen@empresax.COM.BR,empresaxWKS05$,192.168.100.64,0,51.985328830853874
268,19,56,4,hanskelsen@empresax.COM.BR,HYPERV$,192.168.100.64,0,56.868292936893745
269,20,49,4,mutley@empresax.COM.BR,HYPERV$,192.168.102.221,0,53.44259824565254
270,17,12,0,kael-el@empresax.COM.BR,empresaxWKSLEN02$,192.168.109.52,0,2.0449839318987206
271,23,23,0,magaiver@empresax.COM.BR,empresaxWKS14A$,192.168.109.64,1,
272,16,8,5,hanskelsen@empresax.COM.BR,HYPERV$,192.168.100.64,0,2.3516435831030047
273,18,28,5,hanskelsen@empresax.COM.BR,HYPERV$,192.168.100.64,0,5.734605369015386
274,19,18,5,jinx@empresax.COM.BR,empresaxLAB03$,192.168.100.67,0,52.26303454390028
275,17,0,5,hanskelsen@empresax.COM.BR,HYPERV$,192.168.100.64,0,6.712377908631771
276,19,11,5,laracroft@empresax.COM.BR,empresaxWKS13A$,192.168.100.75,0,51.522817470646274
277,16,43,5,magaiver@empresax.COM.BR,empresaxWKS14A$,192.168.100.55,0,7.6207915757059865
278,17,59,5,hanskelsen@empresax.COM.BR,empresaxWKS05$,192.168.100.64,0,4.509027561795431
279,4,49,5,hanskelsen@empresax.COM.BR,HYPERV$,192.168.100.64,0,97.23830467433872
280,6,34,5,mutley@empresax.COM.BR,HYPERV$,192.168.102.221,0,40.19232205063339
281,9,49,5,hanskelsen@empresax.COM.BR,empresaxWKS05$,192.168.100.64,0,0.5576167226695294
282,11,37,5,hanskelsen@empresax.COM.BR,HYPERV$,192.168.100.64,0,1.229230715855053
283,11,37,5,hanskelsen@empresax.COM.BR,empresaxWKS05$,192.168.100.64,0,0.07959756016361896
284,11,45,5,maryjane@empresax.COM.BR,empresaxLAB04$,192.168.100.62,0,5.104655683689469
285,11,46,5,jinx@empresax.COM.BR,empresaxLAB03$,192.168.100.57,0,4.637408374551738
286,11,59,5,magaiver@empresax.COM.BR,empresaxWKS14A$,192.168.100.61,0,0.7180350727335083
287,12,29,5,maryjane@empresax.COM.BR,empresaxLAB04$,192.168.100.62,0,26.907391577432236
288,13,0,5,theteacher@empresax.COM.BR,empresaxLAB02$,192.168.100.58,0,37.33141845032443
289,13,20,5,kael-el@empresax.COM.BR,empresaxWKSLEN02$,192.168.100.59,0,28.12083587531299
290,13,29,5,hanskelsen@empresax.COM.BR,empresaxWKS05$,192.168.100.64,0,32.914902334475755
291,13,29,5,hanskelsen@empresax.COM.BR,HYPERV$,192.168.100.64,0,26.728303856132293
292,13,37,5,hanskelsen@empresax.COM.BR,empresaxWKS05$,192.168.100.64,0,34.53107564888987
293,13,53,5,theteacher@empresax.COM.BR,empresaxLAB02$,192.168.100.58,0,21.522491178024815
294,13,57,5,sid@empresax.COM.BR,empresaxWKS11$,192.168.100.78,0,28.879344173099177
295,14,3,5,kael-el@empresax.COM.BR,empresaxWKSLEN02$,192.168.100.59,0,0.01759823285641504
296,14,37,5,kael-el@empresax.COM.BR,empresaxWKSLEN02$,192.168.100.59,0,8.9031959725839
297,14,47,5,magaiver@empresax.COM.BR,empresaxWKS14A$,192.168.100.61,0,1.1987971684231968
298,15,53,5,maryjane@empresax.COM.BR,empresaxLAB04$,192.168.100.62,0,9.679206516468664
299,15,50,5,jinx@empresax.COM.BR,empresaxLAB03$,192.168.100.57,0,5.63778723091213
300,15,55,5,hanskelsen@empresax.COM.BR,HYPERV$,192.168.100.64,0,0.8975392747982036
301,16,1,5,maryjane@empresax.COM.BR,empresaxLAB04$,192.168.100.62,0,7.000938510348087
302,16,43,5,sid@empresax.COM.BR,empresaxWKS11$,192.168.100.78,0,9.368123713926602
303,16,44,5,backwidow@empresax.COM.BR,empresaxWKSS06$,192.168.100.68,0,5.5107624364090935
304,17,30,5,theteacher@empresax.COM.BR,empresaxLAB02$,192.168.100.58,0,8.840335000280383
305,18,25,5,pogó@empresax.COM.BR,empresaxTAB01$,192.168.100.75,0,4.214088298391441
306,19,47,5,pogó@empresax.COM.BR,empresaxTAB01$,192.168.100.75,0,58.62867180694029
307,20,1,5,kael-el@empresax.COM.BR,empresaxWKSLEN02$,192.168.100.59,1,52.84697791911557
308,20,25,5,backwidow@empresax.COM.BR,empresaxWKSS06$,192.168.100.68,1,55.10312167364559
309,21,12,5,hanskelsen@empresax.COM.BR,HYPERV$,192.168.100.64,0,56.44362601087597
310,21,12,5,hanskelsen@empresax.COM.BR,HYPERV$,192.168.100.64,0,52.65708817805045
311,12,34,3,kael-el@empresax.COM.BR,empresaxWKSLEN02$,192.168.100.60,0,29.74139396355207
312,19,45,3,laracroft@empresax.COM.BR,empresaxWKS13A$,192.168.100.75,0,50.72715278207136
313,21,16,3,pogó@empresax.COM.BR,empresaxLAB05$,192.168.100.76,0,59.31555349782511
314,3,12,3,hanskelsen@empresax.COM.BR,HYPERV$,192.168.100.64,0,90.19166328508503
315,12,32,3,magaiver@empresax.COM.BR,empresaxWKS14A$,192.168.100.59,0,29.255873677637243
316,16,18,3,backwidow@empresax.COM.BR,empresaxWKSS06$,192.168.100.71,0,8.42276362260579
317,16,46,3,pogó@empresax.COM.BR,empresaxTAB01$,192.168.100.55,0,9.621293746099871
318,13,45,3,kael-el@empresax.COM.BR,empresaxWKSLEN02$,192.168.100.60,0,20.4339381463854
319,15,23,3,pogó@empresax.COM.BR,empresaxTAB01$,192.168.100.55,0,0.9250004768837983
320,14,27,3,kael-el@empresax.COM.BR,empresaxWKSLEN02$,192.168.100.60,0,4.8223386620344435
321,16,5,3,kael-el@empresax.COM.BR,empresaxWKSLEN02$,192.168.100.60,0,7.798456025786119
322,20,33,3,magaiver@empresax.COM.BR,empresaxWKS14A$,192.168.100.59,0,50.533869404314764
323,14,13,3,hanskelsen@empresax.COM.BR,empresaxWKS05$,192.168.100.64,0,1.8369022966164594
324,18,40,3,kael-el@empresax.COM.BR,empresaxWKSLEN02$,192.168.100.60,0,6.12551905675801
325,19,21,3,kael-el@empresax.COM.BR,empresaxWKSLEN02$,192.168.100.60,0,56.061830241892466
326,2,10,2,pogó@empresax.COM.BR,empresaxLAB05$,192.168.100.66,0,93.97514150568044
327,12,4,4,laracroft@empresax.COM.BR,empresaxWKS13A$,192.168.100.64,0,26.86668834809609
328,14,53,4,kael-el@empresax.COM.BR,empresaxWKSLEN02$,192.168.100.55,0,2.4931164813824336
329,15,6,4,kael-el@empresax.COM.BR,empresaxWKSLEN02$,192.168.100.55,0,6.506455727286666
330,20,26,4,magaiver@empresax.COM.BR,empresaxWKS14A$,192.168.100.69,0,54.6099514213047
331,3,58,4,hanskelsen@empresax.COM.BR,empresaxWKS05$,192.168.100.59,0,98.63241891805632
332,4,32,4,hanskelsen@empresax.COM.BR,empresaxWKS05$,192.168.100.59,0,95.43375272839074
333,12,34,4,hanskelsen@empresax.COM.BR,empresaxWKS05$,192.168.100.59,0,20.524603827558582
334,15,3,4,maryjane@empresax.COM.BR,empresaxLAB04$,192.168.100.58,0,0.4810109460768064
335,19,56,4,kael-el@empresax.COM.BR,empresaxWKSLEN02$,192.168.100.55,0,53.78878010553264
336,11,49,4,theteacher@empresax.COM.BR,empresaxLAB02$,192.168.100.57,0,4.188700424592488
337,12,13,4,backwidow@empresax.COM.BR,empresaxWKSS06$,192.168.100.68,0,20.571454339169264
338,14,27,4,kael-el@empresax.COM.BR,empresaxWKSLEN02$,192.168.100.55,0,9.002956877829195
339,19,35,4,theteacher@empresax.COM.BR,empresaxLAB02$,192.168.100.57,0,59.55659389090975
340,11,8,4,hanskelsen@empresax.COM.BR,empresaxWKS05$,192.168.100.59,0,6.5606939490067075
341,16,57,4,hanskelsen@empresax.COM.BR,empresaxWKS05$,192.168.100.59,0,2.681811525418797
342,20,35,4,theteacher@empresax.COM.BR,empresaxLAB02$,192.168.100.57,0,51.953059328083135
343,3,22,4,mutley@empresax.COM.BR,HYPERV$,192.168.102.221,1,96.21876645004892
344,15,12,4,theteacher@empresax.COM.BR,empresaxLAB02$,192.168.100.57,0,6.151519994291963
345,19,7,4,pogó@empresax.COM.BR,empresaxLAB05$,192.168.100.66,0,52.07011989600687
346,19,36,4,kael-el@empresax.COM.BR,empresaxWKSLEN02$,192.168.100.55,0,57.10251190538301
347,13,5,5,kael-el@empresax.COM.BR,empresaxWKSLEN02$,192.168.109.52,1,37.11379851767914
348,16,16,5,hanskelsen@empresax.COM.BR,empresaxWKS05$,192.168.100.59,0,3.410978945779793
349,11,44,5,theteacher@empresax.COM.BR,empresaxLAB02$,192.168.100.57,0,8.82881752705988
350,14,28,5,maryjane@empresax.COM.BR,empresaxLAB04$,192.168.100.58,0,4.451562465663134
351,18,11,5,jinx@empresax.COM.BR,empresaxLAB03$,192.168.100.60,0,6.722289265912304
352,16,22,5,theteacher@empresax.COM.BR,empresaxLAB02$,192.168.100.57,0,1.3975550543162907
353,12,33,5,pogó@empresax.COM.BR,empresaxLAB05$,192.168.100.66,0,36.556626549873016
354,13,40,5,magaiver@empresax.COM.BR,empresaxWKS14A$,192.168.100.69,0,20.6830343903145
355,18,19,5,magaiver@empresax.COM.BR,empresaxWKS14A$,192.168.100.69,0,1.7925883240778362
356,13,58,6,hanskelsen@empresax.COM.BR,empresaxWKS05$,192.168.100.64,0,36.28326893437216
357,12,45,4,kael-el@empresax.COM.BR,empresaxWKSLEN02$,192.168.100.55,0,26.86863770398866
358,17,15,4,jinx@empresax.COM.BR,empresaxLAB03$,192.168.100.60,0,0.5573384979534468
359,19,26,4,jinx@empresax.COM.BR,empresaxLAB03$,192.168.100.60,0,56.969924714005124
360,15,30,4,jinx@empresax.COM.BR,empresaxLAB03$,192.168.100.60,0,3.2254212515849434
361,15,55,4,jinx@empresax.COM.BR,empresaxLAB03$,192.168.100.60,0,0.17293199783468105
362,16,52,4,pogó@empresax.COM.BR,empresaxLAB05$,192.168.100.66,0,8.111073708988156
363,12,50,4,backwidow@empresax.COM.BR,empresaxWKSS06$,192.168.100.68,0,24.962447532260594
364,14,59,4,backwidow@empresax.COM.BR,empresaxWKSS06$,192.168.100.68,0,4.366891147179316
365,15,9,4,laracroft@empresax.COM.BR,empresaxWKS13A$,192.168.100.64,0,2.202337531677588
366,17,32,4,pogó@empresax.COM.BR,empresaxLAB05$,192.168.100.66,0,7.1749192525863235
367,11,43,4,hanskelsen@empresax.COM.BR,empresaxWKS05$,192.168.100.59,0,5.557263932595967
368,12,48,4,theteacher@empresax.COM.BR,empresaxLAB02$,192.168.100.57,0,37.44334954770639
369,18,5,4,magaiver@empresax.COM.BR,empresaxWKS14A$,192.168.100.69,0,0.15195492941886823
370,11,56,4,kael-el@empresax.COM.BR,empresaxWKSLEN02$,192.168.100.55,0,0.2142292026432624
371,15,15,4,pogó@empresax.COM.BR,empresaxLAB05$,192.168.100.66,0,0.7361602025344349
372,16,8,4,backwidow@empresax.COM.BR,empresaxWKSS06$,192.168.100.68,0,4.862244973825321
373,16,14,4,magaiver@empresax.COM.BR,empresaxWKS14A$,192.168.100.69,0,4.3420011114615145
374,13,45,6,hanskelsen@empresax.COM.BR,empresaxWKS05$,192.168.100.67,0,30.75663159988109
375,15,38,6,hanskelsen@empresax.COM.BR,empresaxWKS05$,192.168.100.64,0,6.14345865819649
376,19,43,6,hanskelsen@empresax.COM.BR,empresaxWKS05$,192.168.100.64,0,53.937906479342786
377,20,26,6,hanskelsen@empresax.COM.BR,empresaxWKS05$,192.168.100.64,0,58.129549303382106
378,6,59,5,hanskelsen@empresax.COM.BR,HYPERV$,192.168.100.64,0,47.349206504913724
379,9,10,5,hanskelsen@empresax.COM.BR,HYPERV$,192.168.100.64,0,5.140806876105267
380,9,42,5,hanskelsen@empresax.COM.BR,empresaxWKS05$,192.168.100.64,0,9.137455964029332
381,11,37,5,hanskelsen@empresax.COM.BR,HYPERV$,192.168.100.64,0,1.3375628396469796
382,11,37,5,hanskelsen@empresax.COM.BR,HYPERV$,192.168.100.64,0,6.565893980034087
383,12,5,5,hanskelsen@empresax.COM.BR,HYPERV$,192.168.100.64,0,29.81234130885287
384,12,5,5,hanskelsen@empresax.COM.BR,empresaxWKS05$,192.168.100.64,0,35.433581240318745
385,12,14,5,magaiver@empresax.COM.BR,empresaxWKS14A$,192.168.100.61,0,22.554924141432707
386,12,25,5,sid@empresax.COM.BR,empresaxWKS11$,192.168.100.78,0,28.971791092290054
387,12,42,5,kael-el@empresax.COM.BR,empresaxWKSLEN02$,192.168.100.59,0,23.342759410275033
388,13,37,5,hanskelsen@empresax.COM.BR,HYPERV$,192.168.100.64,0,30.37934873670045
389,14,16,5,hanskelsen@empresax.COM.BR,HYPERV$,192.168.100.64,0,1.968341253732513
390,14,42,5,magaiver@empresax.COM.BR,empresaxWKS14A$,192.168.100.61,0,9.138104370230703
391,14,43,5,sid@empresax.COM.BR,empresaxWKS11$,192.168.100.78,0,5.265111047295935
392,15,1,5,sid@empresax.COM.BR,empresaxWKS11$,192.168.100.78,0,4.541166418667705
393,15,55,5,hanskelsen@empresax.COM.BR,HYPERV$,192.168.100.64,0,7.368912758091621
394,16,18,5,mutley@empresax.COM.BR,HYPERV$,192.168.102.221,0,9.430579897341905
395,16,56,5,kael-el@empresax.COM.BR,empresaxWKSLEN02$,192.168.100.59,0,1.038385025831765
396,17,8,5,hanskelsen@empresax.COM.BR,HYPERV$,192.168.100.64,0,2.587417571042981
397,17,8,5,hanskelsen@empresax.COM.BR,empresaxWKS05$,192.168.100.64,0,4.832303620913528
398,17,18,5,hanskelsen@empresax.COM.BR,empresaxWKS05$,192.168.100.64,0,8.10024330277504
399,18,14,5,kael-el@empresax.COM.BR,empresaxWKSLEN02$,192.168.100.59,0,9.603672456035634
400,18,47,5,kael-el@empresax.COM.BR,empresaxWKSLEN02$,192.168.100.59,0,6.719136622336635
401,19,31,5,hanskelsen@empresax.COM.BR,HYPERV$,192.168.100.64,0,56.75945658712611
402,20,12,5,laracroft@empresax.COM.BR,empresaxWKS13A$,192.168.100.65,0,55.005145396135234
403,20,34,5,hanskelsen@empresax.COM.BR,HYPERV$,192.168.100.64,0,53.105129687022924
404,20,34,5,hanskelsen@empresax.COM.BR,empresaxWKS05$,192.168.100.64,0,57.18678135159327
405,21,12,5,hanskelsen@empresax.COM.BR,HYPERV$,192.168.100.64,0,54.82046054469957
406,2,4,6,mutley@empresax.COM.BR,HYPERV$,192.168.102.221,1,94.76668597345164
407,12,45,2,pogó@empresax.COM.BR,empresaxLAB05$,192.168.100.66,0,33.388054469647315
408,19,4,2,jinx@empresax.COM.BR,empresaxLAB03$,192.168.100.67,0,51.06389599205015
409,16,19,2,maryjane@empresax.COM.BR,empresaxLAB04$,192.168.100.62,0,5.119645901202001
410,16,38,2,kael-el@empresax.COM.BR,empresaxWKSLEN02$,192.168.100.60,0,0.8826050464353163
411,17,42,2,hanskelsen@empresax.COM.BR,HYPERV$,192.168.100.64,0,4.752376522434999
412,8,8,2,mutley@empresax.COM.BR,HYPERV$,127.0.0.1,0,49.89156461703008
413,15,31,2,theteacher@empresax.COM.BR,empresaxLAB02$,192.168.100.58,0,0.33642632802105443
414,16,3,2,jinx@empresax.COM.BR,empresaxLAB03$,192.168.100.67,0,1.1737736855995329
415,18,6,2,magaiver@empresax.COM.BR,empresaxWKS14A$,192.168.100.59,0,8.113311270799485
416,17,21,2,hanskelsen@empresax.COM.BR,HYPERV$,192.168.100.64,0,9.960998744975884
417,20,47,2,hanskelsen@empresax.COM.BR,empresaxWKS05$,192.168.100.64,0,54.019236727720845
418,18,22,2,sid@empresax.COM.BR,empresaxWKS11$,192.168.100.55,0,3.3098071560945153
419,12,19,2,magaiver@empresax.COM.BR,empresaxWKS14A$,192.168.100.59,0,34.524239457564846
420,15,18,2,magaiver@empresax.COM.BR,empresaxWKS14A$,192.168.100.59,0,6.31435509344846
421,13,37,6,mutley@empresax.COM.BR,HYPERV$,192.168.102.221,0,39.53069756052797
422,3,52,6,mutley@empresax.COM.BR,HYPERV$,192.168.102.221,1,90.61511481838767
423,14,4,6,hanskelsen@empresax.COM.BR,empresaxWKS05$,192.168.100.64,0,9.406038154403983
424,18,34,6,hanskelsen@empresax.COM.BR,empresaxWKS05$,192.168.100.64,0,4.69214290114215
425,20,35,6,hanskelsen@empresax.COM.BR,empresaxWKS05$,192.168.100.64,0,57.40760597856213
426,16,31,4,pogó@empresax.COM.BR,empresaxLAB05$,192.168.100.66,0,5.81224867738373
427,16,42,4,kael-el@empresax.COM.BR,empresaxWKSLEN02$,192.168.100.55,0,4.974075360925793
428,20,11,4,kael-el@empresax.COM.BR,empresaxWKSLEN02$,192.168.100.55,0,53.94160883034792
429,11,37,4,laracroft@empresax.COM.BR,empresaxWKS13A$,192.168.100.64,0,0.8973828362254521
430,19,28,4,hanskelsen@empresax.COM.BR,empresaxWKS05$,192.168.100.59,0,54.34198363979193
431,23,13,4,hanskelsen@empresax.COM.BR,empresaxWKS05$,192.168.100.59,1,
432,13,15,4,theteacher@empresax.COM.BR,empresaxLAB02$,192.168.100.57,0,26.854414485409727
433,15,33,4,pogó@empresax.COM.BR,empresaxLAB05$,192.168.100.66,0,9.82284475662188
434,18,58,4,kael-el@empresax.COM.BR,empresaxWKSLEN02$,192.168.100.55,0,1.704602788062799
435,11,53,4,maryjane@empresax.COM.BR,empresaxLAB04$,192.168.100.58,0,8.943391035603867
436,13,7,4,mutley@empresax.COM.BR,HYPERV$,192.168.102.221,0,38.37609275889355
437,13,49,4,jinx@empresax.COM.BR,empresaxLAB03$,192.168.100.60,0,27.74584136439833
438,14,38,4,theteacher@empresax.COM.BR,empresaxLAB02$,192.168.100.57,0,6.3896262999925515
439,15,36,4,kael-el@empresax.COM.BR,empresaxWKSLEN02$,192.168.100.55,0,5.891825286561987
440,17,15,4,theteacher@empresax.COM.BR,empresaxLAB02$,192.168.100.57,0,8.992582815996116
441,12,9,4,jinx@empresax.COM.BR,empresaxLAB03$,192.168.100.60,0,26.593532371897016
442,13,1,4,laracroft@empresax.COM.BR,empresaxWKS13A$,192.168.100.64,0,23.398733650248303
443,13,33,4,backwidow@empresax.COM.BR,empresaxWKSS06$,192.168.100.68,0,28.578104184793997
444,15,11,4,magaiver@empresax.COM.BR,empresaxWKS14A$,192.168.100.69,0,9.12328342156853
445,19,22,4,theteacher@empresax.COM.BR,empresaxLAB02$,192.168.100.57,0,56.566119911093885
446,20,48,4,kael-el@empresax.COM.BR,empresaxWKSLEN02$,192.168.100.55,0,50.38394580663912
447,16,35,5,pogó@empresax.COM.BR,empresaxTAB01$,172.25.0.43,0,5.553163738904611
448,17,35,5,pogó@empresax.COM.BR,empresaxTAB01$,192.168.100.60,0,6.714553829370033
449,20,2,5,maryjane@empresax.COM.BR,empresaxLAB04$,192.168.100.62,0,50.07642494161945
450,18,7,5,mutley@empresax.COM.BR,HYPERV$,192.168.102.221,0,3.0821222413147495
451,17,0,5,hanskelsen@empresax.COM.BR,HYPERV$,192.168.100.64,0,6.886187559609098
452,17,23,5,backwidow@empresax.COM.BR,empresaxWKSS06$,192.168.100.71,1,5.842903381433397
453,18,4,5,jinx@empresax.COM.BR,empresaxLAB03$,192.168.100.67,0,7.01552880885818
454,18,9,5,laracroft@empresax.COM.BR,empresaxWKS13A$,192.168.100.75,0,8.066371703362352
455,19,55,5,pogó@empresax.COM.BR,empresaxTAB01$,192.168.100.60,0,57.339551126842075
456,9,22,0,mutley@empresax.COM.BR,HYPERV$,192.168.102.221,0,4.1769047077427395
457,19,7,0,mutley@empresax.COM.BR,HYPERV$,192.168.102.221,0,55.34716663497742
458,20,19,0,kael-el@empresax.COM.BR,empresaxWKSLEN02$,192.168.109.52,1,53.19945186051788
459,23,11,4,hanskelsen@empresax.COM.BR,HYPERV$,192.168.100.64,1,
460,12,11,4,magaiver@empresax.COM.BR,empresaxWKS14A$,192.168.100.55,0,22.299794840394636
461,13,47,4,theteacher@empresax.COM.BR,empresaxLAB02$,192.168.100.58,0,35.90108809837618
462,14,37,4,dora@empresax.COM.BR,empresaxNOTE-LAB03$,192.168.100.65,0,3.826572401643608
463,16,0,4,backwidow@empresax.COM.BR,empresaxWKSS06$,192.168.100.71,0,8.16648834478157
464,16,44,4,hanskelsen@empresax.COM.BR,empresaxWKS05$,192.168.100.64,0,5.876724226330383
465,19,37,4,laracroft@empresax.COM.BR,empresaxWKS13A$,192.168.100.75,0,58.35506076338909
466,18,25,4,hanskelsen@empresax.COM.BR,HYPERV$,192.168.100.64,0,8.153479700676957
467,21,37,4,hanskelsen@empresax.COM.BR,HYPERV$,192.168.100.64,0,59.97188964902823
468,2,23,5,hanskelsen@empresax.COM.BR,HYPERV$,192.168.100.64,0,95.0318587726836
469,16,44,4,hanskelsen@empresax.COM.BR,HYPERV$,192.168.100.64,0,3.777923397696028
470,17,11,4,hanskelsen@empresax.COM.BR,empresaxWKS05$,192.168.100.64,0,8.182747338922555
471,7,15,4,hanskelsen@empresax.COM.BR,HYPERV$,192.168.100.64,0,49.953709930270385
472,7,15,4,hanskelsen@empresax.COM.BR,HYPERV$,192.168.100.64,0,43.95557091412854
473,11,58,4,magaiver@empresax.COM.BR,empresaxWKS14A$,192.168.100.59,0,5.593163332725016
474,12,23,4,magaiver@empresax.COM.BR,empresaxWKS14A$,192.168.100.59,0,22.870621093157784
475,12,23,4,kael-el@empresax.COM.BR,empresaxWKSLEN02$,192.168.100.54,0,35.597789083600425
476,12,31,4,sid@empresax.COM.BR,empresaxWKS11$,192.168.100.78,0,29.470423663112815
477,12,33,4,maryjane@empresax.COM.BR,empresaxLAB04$,192.168.100.62,0,38.12005069596292
478,12,49,4,kael-el@empresax.COM.BR,empresaxWKSLEN02$,192.168.100.54,0,31.639988426137496
479,13,6,4,hanskelsen@empresax.COM.BR,empresaxWKS05$,192.168.100.64,0,38.53939332380436
480,13,27,4,kael-el@empresax.COM.BR,empresaxWKSLEN02$,192.168.100.54,0,26.48988519863962
481,13,38,4,magaiver@empresax.COM.BR,empresaxWKS14A$,192.168.100.59,0,30.26191698638106
482,13,57,4,pogó@empresax.COM.BR,empresaxTAB01$,192.168.100.67,0,21.052887748872365
483,14,55,4,magaiver@empresax.COM.BR,empresaxWKS14A$,192.168.100.59,0,3.9127281486038603
484,16,54,4,hanskelsen@empresax.COM.BR,HYPERV$,192.168.100.64,0,2.3904398033737606
485,16,59,4,kael-el@empresax.COM.BR,empresaxWKSLEN02$,192.168.100.54,0,4.198984268375373
486,17,33,4,magaiver@empresax.COM.BR,empresaxWKS14A$,192.168.100.59,0,9.41344454244827
487,17,41,4,maryjane@empresax.COM.BR,empresaxLAB04$,192.168.100.62,0,7.067601264589529
488,17,56,4,magaiver@empresax.COM.BR,empresaxWKS14A$,192.168.100.59,0,9.590088300042655
489,18,16,4,maryjane@empresax.COM.BR,empresaxLAB04$,192.168.100.62,0,7.267367778729793
490,18,35,4,theteacher@empresax.COM.BR,empresaxLAB02$,192.168.100.58,0,5.518700213085025
491,18,36,4,kael-el@empresax.COM.BR,empresaxWKSLEN02$,192.168.100.54,0,3.423820226504082
492,18,47,4,hanskelsen@empresax.COM.BR,HYPERV$,192.168.100.64,0,9.875781906592762
493,18,43,4,hanskelsen@empresax.COM.BR,empresaxWKS05$,192.168.100.64,0,1.226239535852628
494,19,24,4,hanskelsen@empresax.COM.BR,HYPERV$,192.168.100.64,0,56.253453581137705
495,19,44,4,hanskelsen@empresax.COM.BR,empresaxWKS05$,192.168.100.64,0,54.175418810277904
496,19,54,4,hanskelsen@empresax.COM.BR,empresaxWKS05$,192.168.100.64,0,52.81541430441258
497,19,56,4,kael-el@empresax.COM.BR,empresaxWKSLEN02$,192.168.100.54,0,53.68921428475797
498,21,19,4,pogó@empresax.COM.BR,empresaxTAB01$,192.168.100.67,0,54.946211697683054
499,22,19,4,hanskelsen@empresax.COM.BR,HYPERV$,192.168.100.64,0,
500,2,39,5,hanskelsen@empresax.COM.BR,HYPERV$,192.168.100.64,0,91.62185904444094
501,7,15,4,hanskelsen@empresax.COM.BR,HYPERV$,192.168.100.64,0,42.25875329711433
502,7,15,4,hanskelsen@empresax.COM.BR,HYPERV$,192.168.100.64,0,43.575607441768845
503,11,58,4,magaiver@empresax.COM.BR,empresaxWKS14A$,192.168.100.59,0,1.644145019902522
504,12,23,4,magaiver@empresax.COM.BR,empresaxWKS14A$,192.168.100.59,0,33.260668627162644
505,12,23,4,kael-el@empresax.COM.BR,empresaxWKSLEN02$,192.168.100.54,0,30.6500648555943
506,12,31,4,sid@empresax.COM.BR,empresaxWKS11$,192.168.100.78,0,37.55345485869905
507,12,33,4,maryjane@empresax.COM.BR,empresaxLAB04$,192.168.100.62,0,27.09345945073426
508,12,49,4,kael-el@empresax.COM.BR,empresaxWKSLEN02$,192.168.100.54,0,37.232440489540515
509,13,6,4,hanskelsen@empresax.COM.BR,empresaxWKS05$,192.168.100.64,0,29.9572858567808
510,13,27,4,kael-el@empresax.COM.BR,empresaxWKSLEN02$,192.168.100.54,0,31.886773946741805
511,13,38,4,magaiver@empresax.COM.BR,empresaxWKS14A$,192.168.100.59,0,24.45455203057776
512,13,57,4,pogó@empresax.COM.BR,empresaxTAB01$,192.168.100.67,0,29.550597994703416
513,14,55,4,magaiver@empresax.COM.BR,empresaxWKS14A$,192.168.100.59,0,7.729635539402802
514,16,54,4,hanskelsen@empresax.COM.BR,HYPERV$,192.168.100.64,0,0.35055677104707916
515,16,59,4,kael-el@empresax.COM.BR,empresaxWKSLEN02$,192.168.100.54,0,8.298462516255467
516,17,33,4,magaiver@empresax.COM.BR,empresaxWKS14A$,192.168.100.59,0,6.9210629675808
517,17,41,4,maryjane@empresax.COM.BR,empresaxLAB04$,192.168.100.62,0,9.290384422290014
518,17,56,4,magaiver@empresax.COM.BR,empresaxWKS14A$,192.168.100.59,0,4.829066294132779
519,18,16,4,maryjane@empresax.COM.BR,empresaxLAB04$,192.168.100.62,0,8.576943306627385
520,18,35,4,theteacher@empresax.COM.BR,empresaxLAB02$,192.168.100.58,0,0.45267066506933684
521,18,36,4,kael-el@empresax.COM.BR,empresaxWKSLEN02$,192.168.100.54,0,4.090341589934781
522,18,47,4,hanskelsen@empresax.COM.BR,HYPERV$,192.168.100.64,0,8.886051912698324
523,18,43,4,hanskelsen@empresax.COM.BR,empresaxWKS05$,192.168.100.64,0,3.483546830486628
524,19,24,4,hanskelsen@empresax.COM.BR,HYPERV$,192.168.100.64,0,57.50080132395186
525,19,44,4,hanskelsen@empresax.COM.BR,empresaxWKS05$,192.168.100.64,0,57.54550909381446
526,19,54,4,hanskelsen@empresax.COM.BR,empresaxWKS05$,192.168.100.64,0,53.97041469693624
527,19,56,4,kael-el@empresax.COM.BR,empresaxWKSLEN02$,192.168.100.54,0,50.700648609699755
528,21,19,4,pogó@empresax.COM.BR,empresaxTAB01$,192.168.100.67,0,57.63384462995822
529,22,19,4,hanskelsen@empresax.COM.BR,HYPERV$,192.168.100.64,0,
530,2,39,5,hanskelsen@empresax.COM.BR,HYPERV$,192.168.100.64,0,92.31471015165215
531,16,44,4,hanskelsen@empresax.COM.BR,HYPERV$,192.168.100.64,0,0.5926549367040423
532,19,46,4,magaiver@empresax.COM.BR,empresaxWKS14A$,192.168.100.55,0,55.526345072313106
533,5,24,4,hanskelsen@empresax.COM.BR,empresaxWKS05$,192.168.100.64,0,95.57789498307204
534,13,35,4,hanskelsen@empresax.COM.BR,HYPERV$,192.168.100.64,0,27.755385173361724
535,14,20,4,laracroft@empresax.COM.BR,empresaxWKS13A$,192.168.100.75,0,9.0647730337204
536,16,26,4,maryjane@empresax.COM.BR,empresaxLAB04$,192.168.100.62,0,0.23238389362818745
537,17,32,4,maryjane@empresax.COM.BR,empresaxLAB04$,192.168.100.62,0,3.76840941194605
538,3,7,4,mutley@empresax.COM.BR,HYPERV$,192.168.102.221,1,99.17917968357388
539,20,43,4,laracroft@empresax.COM.BR,empresaxWKS13A$,192.168.100.75,0,59.03226099559236
540,23,11,4,hanskelsen@empresax.COM.BR,HYPERV$,192.168.100.64,1,
541,12,28,4,backwidow@empresax.COM.BR,empresaxWKSS06$,192.168.100.71,0,26.43562037631424
542,14,40,4,hanskelsen@empresax.COM.BR,HYPERV$,192.168.100.64,0,5.753623789381952
543,18,0,4,jinx@empresax.COM.BR,empresaxLAB03$,192.168.100.67,0,9.29646853016362
544,5,6,4,hanskelsen@empresax.COM.BR,empresaxWKS05$,192.168.100.64,0,95.50121652294553
545,20,38,4,maryjane@empresax.COM.BR,empresaxLAB04$,192.168.100.62,0,53.645931751735894
546,20,41,4,magaiver@empresax.COM.BR,empresaxWKS14A$,192.168.100.63,0,53.83245540082866
547,12,52,4,mutley@empresax.COM.BR,HYPERV$,192.168.102.221,0,27.579034959031034
548,16,22,4,theteacher@empresax.COM.BR,empresaxLAB02$,192.168.100.58,0,3.8976303464110265
549,19,36,4,hanskelsen@empresax.COM.BR,HYPERV$,192.168.100.64,0,51.44244169282054
550,19,25,4,theteacher@empresax.COM.BR,empresaxLAB02$,192.168.100.58,0,52.79123277667162
551,3,36,4,hanskelsen@empresax.COM.BR,empresaxWKS05$,192.168.100.64,0,91.36025013093172
552,3,51,4,hanskelsen@empresax.COM.BR,empresaxWKS05$,192.168.100.64,0,90.23777140504117
553,23,11,4,hanskelsen@empresax.COM.BR,HYPERV$,192.168.100.64,1,
554,18,17,2,theteacher@empresax.COM.BR,empresaxLAB02$,192.168.100.57,0,8.213688570914107
555,23,12,2,kael-el@empresax.COM.BR,empresaxWKSLEN02$,192.168.100.56,0,
556,15,26,2,jinx@empresax.COM.BR,empresaxLAB03$,192.168.100.60,0,5.008517826328241
557,20,4,2,pogó@empresax.COM.BR,empresaxLAB05$,192.168.100.66,0,59.46416787955025
558,20,59,2,hanskelsen@empresax.COM.BR,empresaxWKS05$,192.168.100.59,0,59.27330600926883
559,22,36,2,kael-el@empresax.COM.BR,empresaxWKSLEN02$,192.168.100.56,1,
560,18,32,2,maryjane@empresax.COM.BR,empresaxLAB04$,192.168.100.58,0,4.451848320572488
561,12,1,2,sid@empresax.COM.BR,empresaxWKS11$,192.168.109.54,0,34.50375633509071
562,13,0,2,kael-el@empresax.COM.BR,empresaxWKSLEN02$,192.168.100.56,0,22.30737081048729
563,17,2,2,kael-el@empresax.COM.BR,empresaxWKSLEN02$,192.168.100.56,0,7.1135241549073855
564,18,47,2,backwidow@empresax.COM.BR,empresaxWKSS06$,192.168.100.68,0,2.5339124245425926
565,23,14,2,hanskelsen@empresax.COM.BR,empresaxWKS05$,192.168.100.59,1,
566,11,39,2,maryjane@empresax.COM.BR,empresaxLAB04$,192.168.100.58,0,5.674695082311683
567,18,16,2,maryjane@empresax.COM.BR,empresaxLAB04$,192.168.100.58,0,6.398779267327718
568,19,47,2,hanskelsen@empresax.COM.BR,empresaxWKS05$,192.168.100.59,0,55.838791257802505
569,20,0,2,theteacher@empresax.COM.BR,empresaxLAB02$,192.168.100.57,0,51.83508214917284
570,20,38,2,magaiver@empresax.COM.BR,empresaxWKS14A$,192.168.100.51,0,56.21679304195966
571,14,56,2,maryjane@empresax.COM.BR,empresaxLAB04$,192.168.100.62,0,3.2405628897233942
572,11,34,2,maryjane@empresax.COM.BR,empresaxLAB04$,192.168.100.62,0,1.2800326478784396
573,11,43,2,jinx@empresax.COM.BR,empresaxLAB03$,192.168.100.67,0,7.842177948673569
574,12,1,2,hanskelsen@empresax.COM.BR,empresaxWKS05$,192.168.100.64,0,26.742650023714415
575,16,58,2,hanskelsen@empresax.COM.BR,empresaxWKS05$,192.168.100.64,0,9.263984429311344
576,13,15,2,magaiver@empresax.COM.BR,empresaxWKS14A$,192.168.100.55,0,37.35647625283032
577,16,41,2,kael-el@empresax.COM.BR,empresaxWKSLEN02$,192.168.100.54,0,6.963523236369045
578,19,56,2,maryjane@empresax.COM.BR,empresaxLAB04$,192.168.100.62,0,52.42367172796707
579,12,31,2,magaiver@empresax.COM.BR,empresaxWKS14A$,192.168.100.55,0,20.25145381749304
580,18,53,2,jinx@empresax.COM.BR,empresaxLAB03$,192.168.100.67,0,1.4852936077623013
581,13,57,2,hanskelsen@empresax.COM.BR,empresaxWKS05$,192.168.100.64,0,25.732580370981537
582,15,10,2,magaiver@empresax.COM.BR,empresaxWKS14A$,192.168.100.55,0,1.7850895943817813
583,16,2,2,laracroft@empresax.COM.BR,empresaxWKS13A$,192.168.100.75,0,9.437914321350867
584,17,56,2,kael-el@empresax.COM.BR,empresaxWKSLEN02$,192.168.100.54,0,1.0944755354328373
585,14,56,2,kael-el@empresax.COM.BR,empresaxWKSLEN02$,192.168.100.54,0,3.480063395458135
586,11,35,2,kael-el@empresax.COM.BR,empresaxWKSLEN02$,192.168.100.54,0,2.1917651345037603
587,13,36,2,hanskelsen@empresax.COM.BR,empresaxWKS05$,192.168.100.64,0,23.083310023017578
588,16,24,2,sid@empresax.COM.BR,empresaxWKS11$,192.168.100.78,0,1.1487338149241855
589,20,38,2,kael-el@empresax.COM.BR,empresaxWKSLEN02$,192.168.100.54,0,51.39907447639652
590,16,35,2,hanskelsen@empresax.COM.BR,empresaxWKS05$,192.168.100.64,0,4.724862857953801
591,11,55,4,jinx@empresax.COM.BR,empresaxLAB03$,192.168.100.67,0,6.724601451375446
592,13,35,4,hanskelsen@empresax.COM.BR,HYPERV$,192.168.100.64,0,21.181086964058775
593,16,44,4,hanskelsen@empresax.COM.BR,HYPERV$,192.168.100.64,0,2.0959039922935476
594,18,5,4,backwidow@empresax.COM.BR,empresaxWKSS06$,192.168.100.71,0,4.221390588175681
595,21,9,4,hanskelsen@empresax.COM.BR,HYPERV$,192.168.100.64,0,54.22075579328455
596,18,56,4,magaiver@empresax.COM.BR,empresaxWKS14A$,192.168.100.55,0,3.687941575382492
597,11,55,4,maryjane@empresax.COM.BR,empresaxLAB04$,192.168.100.62,0,4.049016927558614
598,13,35,4,hanskelsen@empresax.COM.BR,HYPERV$,192.168.100.64,0,24.670289281066353
599,16,22,4,jinx@empresax.COM.BR,empresaxLAB03$,192.168.100.67,0,8.371917798668868
600,17,38,4,backwidow@empresax.COM.BR,empresaxWKSS06$,192.168.100.71,0,2.8656736307462873
601,20,9,4,backwidow@empresax.COM.BR,empresaxWKSS06$,192.168.100.71,1,53.879109476021156
602,18,25,4,hanskelsen@empresax.COM.BR,empresaxWKS05$,192.168.100.64,0,0.8084735784151165
603,18,45,4,hanskelsen@empresax.COM.BR,HYPERV$,192.168.100.64,0,8.839004610212633
604,19,36,4,hanskelsen@empresax.COM.BR,HYPERV$,192.168.100.64,0,54.94815495480027
605,19,36,4,hanskelsen@empresax.COM.BR,empresaxWKS05$,192.168.100.64,0,53.521124714941124
606,12,26,4,hanskelsen@empresax.COM.BR,empresaxWKS05$,192.168.100.64,0,24.377168406913512
607,21,37,4,hanskelsen@empresax.COM.BR,empresaxWKS05$,192.168.100.64,0,59.488314241538305
608,14,6,1,hanskelsen@empresax.COM.BR,empresaxWKS05$,192.168.100.64,0,5.662919551540909
609,19,33,1,jinx@empresax.COM.BR,empresaxLAB03$,192.168.100.60,0,56.93075011039796
610,20,56,1,hanskelsen@empresax.COM.BR,empresaxWKS05$,192.168.100.64,0,53.619430325588134
611,2,22,2,mutley@empresax.COM.BR,HYPERV$,192.168.102.221,1,93.3862957228196
612,16,29,1,laracroft@empresax.COM.BR,empresaxWKS13A$,192.168.100.78,0,2.1026460728981036
613,16,57,1,pogó@empresax.COM.BR,empresaxLAB05$,192.168.100.66,0,3.0738265621230876
614,19,35,1,magaiver@empresax.COM.BR,empresaxWKS14A$,192.168.100.59,0,57.38020928489624
615,20,19,1,hanskelsen@empresax.COM.BR,empresaxWKS05$,192.168.100.64,0,58.38622344256309
616,20,46,1,magaiver@empresax.COM.BR,empresaxWKS14A$,192.168.100.61,0,51.515904488445535
617,21,9,1,hanskelsen@empresax.COM.BR,empresaxTAB01$,192.168.100.77,0,58.436945079849345
618,12,54,1,theteacher@empresax.COM.BR,empresaxLAB02$,192.168.100.57,0,31.055271896251686
619,16,19,1,maryjane@empresax.COM.BR,empresaxLAB04$,192.168.100.58,0,9.750431942695027
620,17,58,1,theteacher@empresax.COM.BR,empresaxLAB02$,192.168.100.57,0,5.796160676410222
621,18,25,1,kael-el@empresax.COM.BR,empresaxWKSLEN02$,192.168.100.54,0,6.552882212861252
622,19,31,1,backwidow@empresax.COM.BR,empresaxWKSS06$,192.168.100.71,1,54.27504942348069
623,12,48,1,jinx@empresax.COM.BR,empresaxLAB03$,192.168.100.60,0,27.234195363232402
624,14,39,1,laracroft@empresax.COM.BR,empresaxWKS13A$,192.168.100.75,0,2.4137941879428793
625,18,47,1,magaiver@empresax.COM.BR,empresaxWKS14A$,192.168.100.59,0,1.7915864547986782
626,19,12,1,hanskelsen@empresax.COM.BR,empresaxWKS05$,192.168.100.64,0,57.029524931063406
627,4,7,6,mutley@empresax.COM.BR,HYPERV$,192.168.102.221,1,99.34543092703262
628,20,53,6,hanskelsen@empresax.COM.BR,empresaxWKS05$,192.168.100.64,0,52.006105548996935
629,0,56,0,hanskelsen@empresax.COM.BR,empresaxWKS05$,192.168.100.64,0,
630,15,16,6,hanskelsen@empresax.COM.BR,empresaxWKS05$,192.168.100.64,0,7.599448431512252
631,23,22,6,mutley@empresax.COM.BR,HYPERV$,192.168.102.221,1,
632,9,25,4,hanskelsen@empresax.COM.BR,HYPERV$,192.168.100.64,0,7.122011306346749
633,11,43,4,jinx@empresax.COM.BR,empresaxLAB03$,192.168.100.56,0,5.498857093156263
634,12,2,4,theteacher@empresax.COM.BR,empresaxLAB02$,192.168.100.58,0,35.525333135135696
635,12,31,4,hanskelsen@empresax.COM.BR,empresaxWKS05$,192.168.100.64,0,27.702781127833312
636,12,33,4,hanskelsen@empresax.COM.BR,HYPERV$,192.168.100.64,0,21.677224697164625
637,13,13,4,pogó@empresax.COM.BR,empresaxTAB01$,192.168.100.67,0,32.80565277687643
638,13,49,4,sid@empresax.COM.BR,empresaxWKS11$,192.168.100.78,0,38.52008988687745
639,13,55,4,kael-el@empresax.COM.BR,empresaxWKSLEN02$,192.168.100.54,0,22.912029750185578
640,14,24,4,hanskelsen@empresax.COM.BR,HYPERV$,192.168.100.64,0,4.914499940082412
641,15,7,4,dora@empresax.COM.BR,empresaxNOTE-LAB03$,192.168.100.66,0,6.782485445853881
642,15,51,4,backwidow@empresax.COM.BR,empresaxWKSS06$,192.168.100.68,0,6.530905448950341
643,16,14,4,theteacher@empresax.COM.BR,empresaxLAB02$,192.168.100.58,0,3.828581901973649
644,16,12,4,kael-el@empresax.COM.BR,empresaxWKSLEN02$,192.168.100.54,0,4.549680509242161
645,16,13,4,maryjane@empresax.COM.BR,empresaxLAB04$,192.168.100.62,0,8.245720160424472
646,17,9,4,pogó@empresax.COM.BR,empresaxTAB01$,192.168.100.67,0,8.79473801949078
647,17,17,4,backwidow@empresax.COM.BR,empresaxWKSS06$,192.168.100.68,0,3.582165286885287
648,17,27,4,hanskelsen@empresax.COM.BR,empresaxWKS05$,192.168.100.64,0,9.993028242363128
649,17,34,4,hanskelsen@empresax.COM.BR,HYPERV$,192.168.100.64,0,2.759166219467147
650,17,45,4,pogó@empresax.COM.BR,empresaxTAB01$,192.168.100.67,0,2.6483226208666135
651,17,47,4,hanskelsen@empresax.COM.BR,HYPERV$,192.168.100.64,0,9.078489614691703
652,18,40,4,kael-el@empresax.COM.BR,empresaxWKSLEN02$,192.168.100.54,0,6.834859769063145
653,18,47,4,pogó@empresax.COM.BR,empresaxTAB01$,192.168.100.67,0,7.959602688889595
654,19,7,4,sid@empresax.COM.BR,empresaxWKS11$,192.168.100.78,0,52.268037004645166
655,19,4,4,pogó@empresax.COM.BR,empresaxTAB01$,192.168.100.67,0,51.893844927648956
656,19,25,4,pogó@empresax.COM.BR,empresaxTAB01$,192.168.100.67,0,53.29537411562532
657,19,47,4,hanskelsen@empresax.COM.BR,HYPERV$,192.168.100.64,0,53.7724914612928
658,20,30,4,sid@empresax.COM.BR,empresaxWKS11$,192.168.100.78,0,57.45859979786398
659,22,19,4,hanskelsen@empresax.COM.BR,HYPERV$,192.168.100.64,0,
660,0,29,5,hanskelsen@empresax.COM.BR,HYPERV$,192.168.100.64,0,
661,9,25,4,hanskelsen@empresax.COM.BR,HYPERV$,192.168.100.64,0,9.22049324208401
662,11,43,4,jinx@empresax.COM.BR,empresaxLAB03$,192.168.100.56,0,8.180469777153052
663,12,2,4,theteacher@empresax.COM.BR,empresaxLAB02$,192.168.100.58,0,34.60815556763045
664,12,31,4,hanskelsen@empresax.COM.BR,empresaxWKS05$,192.168.100.64,0,21.63583370514807
665,12,33,4,hanskelsen@empresax.COM.BR,HYPERV$,192.168.100.64,0,35.910255351829356
666,13,13,4,pogó@empresax.COM.BR,empresaxTAB01$,192.168.100.67,0,26.656202879049637
667,13,49,4,sid@empresax.COM.BR,empresaxWKS11$,192.168.100.78,0,23.57938651943124
668,13,55,4,kael-el@empresax.COM.BR,empresaxWKSLEN02$,192.168.100.54,0,34.05737043882086
669,14,24,4,hanskelsen@empresax.COM.BR,HYPERV$,192.168.100.64,0,6.498832188783286
670,15,7,4,dora@empresax.COM.BR,empresaxNOTE-LAB03$,192.168.100.66,0,1.3598141281241383
671,15,51,4,backwidow@empresax.COM.BR,empresaxWKSS06$,192.168.100.68,0,2.591792546000702
672,16,14,4,theteacher@empresax.COM.BR,empresaxLAB02$,192.168.100.58,0,9.751297269909053
673,16,12,4,kael-el@empresax.COM.BR,empresaxWKSLEN02$,192.168.100.54,0,4.818794342928049
674,16,13,4,maryjane@empresax.COM.BR,empresaxLAB04$,192.168.100.62,0,6.362187653910451
675,17,9,4,pogó@empresax.COM.BR,empresaxTAB01$,192.168.100.67,0,6.506801567318613
676,17,17,4,backwidow@empresax.COM.BR,empresaxWKSS06$,192.168.100.68,0,4.915055512985824
677,17,27,4,hanskelsen@empresax.COM.BR,empresaxWKS05$,192.168.100.64,0,5.440411777235424
678,17,34,4,hanskelsen@empresax.COM.BR,HYPERV$,192.168.100.64,0,5.44174271535832
679,17,45,4,pogó@empresax.COM.BR,empresaxTAB01$,192.168.100.67,0,0.9968884805807854
680,17,47,4,hanskelsen@empresax.COM.BR,HYPERV$,192.168.100.64,0,2.892617055526091
681,18,40,4,kael-el@empresax.COM.BR,empresaxWKSLEN02$,192.168.100.54,0,7.133112989307443
682,18,47,4,pogó@empresax.COM.BR,empresaxTAB01$,192.168.100.67,0,5.157710909202429
683,19,7,4,sid@empresax.COM.BR,empresaxWKS11$,192.168.100.78,0,58.794041640594244
684,19,4,4,pogó@empresax.COM.BR,empresaxTAB01$,192.168.100.67,0,59.55452615275125
685,19,25,4,pogó@empresax.COM.BR,empresaxTAB01$,192.168.100.67,0,57.1071042689204
686,19,47,4,hanskelsen@empresax.COM.BR,HYPERV$,192.168.100.64,0,58.03820153758595
687,20,30,4,sid@empresax.COM.BR,empresaxWKS11$,192.168.100.78,0,57.85172013923408
688,22,19,4,hanskelsen@empresax.COM.BR,HYPERV$,192.168.100.64,0,
689,0,29,5,hanskelsen@empresax.COM.BR,HYPERV$,192.168.100.64,0,
690,19,50,3,kael-el@empresax.COM.BR,empresaxWKSLEN02$,192.168.100.60,0,59.430912931185546
691,15,10,3,dora@empresax.COM.BR,empresaxNOTE-LAB03$,192.168.100.65,0,6.730701290845282
692,16,18,3,jinx@empresax.COM.BR,empresaxLAB03$,192.168.100.67,0,2.9704234364526405
693,12,11,3,dora@empresax.COM.BR,empresaxNOTE-LAB03$,192.168.100.65,0,32.75122970836595
694,17,35,3,magaiver@empresax.COM.BR,empresaxWKS14A$,192.168.100.59,0,3.959087892572095
695,17,43,3,jinx@empresax.COM.BR,empresaxLAB03$,192.168.100.67,0,5.008177123902015
696,19,5,3,maryjane@empresax.COM.BR,empresaxLAB04$,192.168.100.62,0,57.25058338084928
697,19,38,3,backwidow@empresax.COM.BR,empresaxWKSS06$,192.168.100.71,0,51.37454430294467
698,19,58,3,hanskelsen@empresax.COM.BR,empresaxWKS05$,192.168.100.64,0,53.603695009733556
699,20,10,3,hanskelsen@empresax.COM.BR,empresaxWKS05$,192.168.100.64,0,52.01041390910981
700,14,9,3,hanskelsen@empresax.COM.BR,empresaxWKS05$,192.168.100.64,0,9.2255006766245
701,16,55,3,backwidow@empresax.COM.BR,empresaxWKSS06$,192.168.100.71,0,2.2529958678901654
702,18,7,3,kael-el@empresax.COM.BR,empresaxWKSLEN02$,192.168.100.60,0,5.696972046071799
703,18,23,3,pogó@empresax.COM.BR,empresaxTAB01$,192.168.100.55,0,8.610498075341773
704,15,29,3,laracroft@empresax.COM.BR,empresaxWKS13A$,192.168.100.75,0,2.703780480200697
705,20,19,3,kael-el@empresax.COM.BR,empresaxWKSLEN02$,192.168.100.60,0,52.71801062531527
706,16,59,2,kael-el@empresax.COM.BR,empresaxWKSLEN02$,192.168.100.54,0,5.88703202566819
707,13,14,2,kael-el@empresax.COM.BR,empresaxWKSLEN02$,192.168.100.54,0,36.702310373326796
708,19,18,2,jinx@empresax.COM.BR,empresaxLAB03$,192.168.100.67,0,52.057968784383675
709,15,42,2,backwidow@empresax.COM.BR,empresaxWKSS06$,192.168.100.76,0,9.228553444534048
710,13,24,2,backwidow@empresax.COM.BR,empresaxWKSS06$,192.168.100.76,0,25.25767802427363
711,15,36,2,kael-el@empresax.COM.BR,empresaxWKSLEN02$,192.168.100.54,0,7.082578804135299
712,17,32,2,kael-el@empresax.COM.BR,empresaxWKSLEN02$,192.168.100.54,0,7.106602536505725
713,18,21,2,kael-el@empresax.COM.BR,empresaxWKSLEN02$,192.168.100.54,0,5.192189273735574
714,18,41,2,magaiver@empresax.COM.BR,empresaxWKS14A$,192.168.100.55,0,6.016196818022489
715,17,31,2,pogó@empresax.COM.BR,empresaxTAB01$,192.168.100.80,0,0.6902936587385589
716,16,14,2,jinx@empresax.COM.BR,empresaxLAB03$,192.168.100.67,0,8.201092370171311
717,20,3,2,mutley@empresax.COM.BR,HYPERV$,192.168.102.221,0,59.259773373264096
718,13,24,2,hanskelsen@empresax.COM.BR,empresaxWKS05$,192.168.100.64,0,26.02815514340158
719,18,43,2,kael-el@empresax.COM.BR,empresaxWKSLEN02$,192.168.100.54,0,5.292618953969519
720,18,55,2,kael-el@empresax.COM.BR,empresaxWKSLEN02$,192.168.100.54,0,3.4625451308406205
721,12,18,2,magaiver@empresax.COM.BR,empresaxWKS14A$,192.168.100.51,0,33.58281416682982
722,14,14,2,kael-el@empresax.COM.BR,empresaxWKSLEN02$,192.168.100.56,0,9.43388214327996
723,14,27,2,hanskelsen@empresax.COM.BR,empresaxWKS05$,192.168.100.59,0,7.060474043793972
724,14,32,2,theteacher@empresax.COM.BR,empresaxLAB02$,192.168.100.57,0,7.673161779545321
725,18,22,2,kael-el@empresax.COM.BR,empresaxWKSLEN02$,192.168.100.56,0,4.405468324372581
726,18,21,2,jinx@empresax.COM.BR,empresaxLAB03$,192.168.100.60,0,8.679422803593797
727,15,15,2,kael-el@empresax.COM.BR,empresaxWKSLEN02$,192.168.100.56,0,4.462751895576113
728,16,13,2,theteacher@empresax.COM.BR,empresaxLAB02$,192.168.100.57,0,0.3823466502732953
729,17,31,2,kael-el@empresax.COM.BR,empresaxWKSLEN02$,192.168.100.56,0,6.700279816025824
730,23,42,2,jinx@empresax.COM.BR,empresaxLAB03$,192.168.100.60,1,
731,22,31,2,hanskelsen@empresax.COM.BR,empresaxWKS05$,192.168.100.59,0,
732,22,39,2,jinx@empresax.COM.BR,empresaxLAB03$,192.168.100.60,0,
733,12,18,2,kael-el@empresax.COM.BR,empresaxWKSLEN02$,192.168.100.56,0,34.382624731910155
734,13,54,2,kael-el@empresax.COM.BR,empresaxWKSLEN02$,192.168.100.56,0,35.90583807930332
735,16,19,2,backwidow@empresax.COM.BR,empresaxWKSS06$,192.168.100.68,0,5.576106253558816
736,18,51,2,hanskelsen@empresax.COM.BR,empresaxWKS05$,192.168.100.59,0,3.3403124129232475
737,18,52,2,magaiver@empresax.COM.BR,empresaxWKS14A$,192.168.100.51,0,3.6213651496932853
738,3,23,2,boss@empresax.COM.BR,empresaxWKS05$,192.168.100.59,0,92.08412228876028
739,12,15,2,magaiver@empresax.COM.BR,empresaxWKS14A$,192.168.100.70,0,34.21555719188449
740,12,36,2,mlguy@empresax.COM.BR,empresaxWKS16$,192.168.100.54,0,39.11190340439458
741,13,46,2,backwidow@empresax.COM.BR,empresaxWKSS06$,192.168.100.68,0,36.838090348305336
742,15,2,2,maryjane@empresax.COM.BR,empresaxLAB04$,192.168.100.58,0,2.6572528320347377
743,16,53,2,mlguy@empresax.COM.BR,empresaxWKS16$,192.168.100.54,0,5.873129858064362
744,17,3,2,magaiver@empresax.COM.BR,empresaxWKS14A$,192.168.100.51,0,1.3691506594436387
745,18,46,2,kael-el@empresax.COM.BR,empresaxWKSLEN02$,192.168.100.56,0,0.9482534094006823
746,20,2,2,jinx@empresax.COM.BR,empresaxLAB03$,192.168.100.60,0,59.320042321732664
747,21,52,2,mutley@empresax.COM.BR,HYPERV$,192.168.102.221,0,55.47892728359058
748,16,38,2,sid@empresax.COM.BR,empresaxWKS11$,192.168.100.55,0,1.4425819082844993
749,16,52,2,theteacher@empresax.COM.BR,empresaxLAB02$,192.168.100.58,0,7.787221141521687
750,17,9,2,kael-el@empresax.COM.BR,empresaxWKSLEN02$,192.168.100.60,0,8.817545586802002
751,17,42,2,hanskelsen@empresax.COM.BR,HYPERV$,192.168.100.64,0,3.868823545126138
752,19,2,2,hanskelsen@empresax.COM.BR,empresaxWKS05$,192.168.100.64,0,53.72206735292451
753,22,51,2,hanskelsen@empresax.COM.BR,HYPERV$,192.168.100.64,1,
754,1,1,3,hanskelsen@empresax.COM.BR,HYPERV$,192.168.100.64,0,94.1604989043322
755,14,53,2,magaiver@empresax.COM.BR,empresaxWKS14A$,192.168.100.59,0,5.617102275532462
756,15,12,2,maryjane@empresax.COM.BR,empresaxLAB04$,192.168.100.62,0,2.4779714082669746
757,18,44,2,hanskelsen@empresax.COM.BR,HYPERV$,192.168.100.64,0,5.324567458961821
758,16,46,2,hanskelsen@empresax.COM.BR,HYPERV$,192.168.100.64,0,2.918523836603777
759,17,18,2,hanskelsen@empresax.COM.BR,empresaxWKS05$,192.168.100.64,0,6.594627196870655
760,13,8,2,jinx@empresax.COM.BR,empresaxLAB03$,192.168.100.67,0,23.780685491796646
761,13,37,2,kael-el@empresax.COM.BR,empresaxWKSLEN02$,192.168.100.60,0,25.109228848962566
762,20,15,2,sid@empresax.COM.BR,empresaxWKS11$,192.168.100.55,0,51.97689587940634
763,20,39,2,hanskelsen@empresax.COM.BR,empresaxWKS05$,192.168.100.64,0,55.67721015844797
764,16,44,2,hanskelsen@empresax.COM.BR,HYPERV$,192.168.100.64,0,6.357494423781544
765,19,51,2,laracroft@empresax.COM.BR,empresaxWKS13A$,192.168.100.75,0,59.40180597602861
766,15,41,2,kael-el@empresax.COM.BR,empresaxWKSLEN02$,192.168.100.60,0,6.918158861217256
767,16,42,2,hanskelsen@empresax.COM.BR,empresaxWKS05$,192.168.100.64,0,1.9374356905674006
768,12,47,3,jinx@empresax.COM.BR,empresaxLAB03$,192.168.100.60,0,27.210314369861248
769,15,11,3,kael-el@empresax.COM.BR,empresaxWKSLEN02$,192.168.100.55,0,2.947500379474163
770,15,15,3,jinx@empresax.COM.BR,empresaxLAB03$,192.168.100.60,0,8.125134383325921
771,15,54,3,kael-el@empresax.COM.BR,empresaxWKSLEN02$,192.168.100.55,0,7.3001491021144815
772,20,34,3,maryjane@empresax.COM.BR,empresaxLAB04$,192.168.100.58,0,55.98537299707617
773,20,47,3,pogó@empresax.COM.BR,empresaxLAB05$,192.168.100.66,0,53.22619793894155
774,12,25,3,dora@empresax.COM.BR,empresaxNOTE-LAB03$,192.168.100.65,0,37.14052475822347
775,13,15,3,jinx@empresax.COM.BR,empresaxLAB03$,192.168.100.60,0,39.75388322981679
776,15,5,3,backwidow@empresax.COM.BR,empresaxWKSS06$,192.168.100.68,0,2.238336773780867
777,11,51,3,maryjane@empresax.COM.BR,empresaxLAB04$,192.168.100.58,0,9.778699416530173
778,12,47,3,laracroft@empresax.COM.BR,empresaxWKS13A$,192.168.100.64,0,28.559390018607186
779,15,11,3,pogó@empresax.COM.BR,empresaxLAB05$,192.168.100.66,0,7.049775028315427
780,15,59,3,theteacher@empresax.COM.BR,empresaxLAB02$,192.168.100.57,0,0.7538557836479265
781,16,49,3,kael-el@empresax.COM.BR,empresaxWKSLEN02$,192.168.100.55,0,1.0975035357780227
782,17,37,3,mutley@empresax.COM.BR,HYPERV$,192.168.102.221,0,6.432235552394299
783,3,30,3,hanskelsen@empresax.COM.BR,empresaxWKS05$,192.168.100.59,0,93.35592786090588
784,13,54,3,kael-el@empresax.COM.BR,empresaxWKSLEN02$,192.168.100.55,0,27.946662440201564
785,22,51,2,hanskelsen@empresax.COM.BR,HYPERV$,192.168.100.64,1,
786,18,37,2,backwidow@empresax.COM.BR,empresaxWKSS06$,192.168.100.71,0,3.7553069131721486
787,16,43,2,pogó@empresax.COM.BR,empresaxTAB01$,192.168.100.68,0,4.764059677435806
788,17,29,2,kael-el@empresax.COM.BR,empresaxWKSLEN02$,192.168.100.60,0,2.587038182154574
789,18,10,2,maryjane@empresax.COM.BR,empresaxLAB04$,192.168.100.62,0,8.961918970071224
790,13,30,2,pogó@empresax.COM.BR,empresaxTAB01$,192.168.100.68,0,38.54039306815283
791,14,35,2,hanskelsen@empresax.COM.BR,empresaxWKS05$,192.168.100.64,0,8.358416622612571
792,15,11,2,kael-el@empresax.COM.BR,empresaxWKSLEN02$,192.168.100.60,0,6.03579384797817
793,20,1,2,maryjane@empresax.COM.BR,empresaxLAB04$,192.168.100.62,0,56.50681572353552
794,20,31,2,backwidow@empresax.COM.BR,empresaxWKSS06$,192.168.100.71,1,58.1766396730178
795,13,31,2,kael-el@empresax.COM.BR,empresaxWKSLEN02$,192.168.100.60,0,26.37382895972484
796,15,45,2,pogó@empresax.COM.BR,empresaxTAB01$,192.168.100.68,0,7.130337518041171
797,16,19,2,hanskelsen@empresax.COM.BR,empresaxWKS05$,192.168.100.64,0,6.4200217261154835
798,12,53,2,backwidow@empresax.COM.BR,empresaxWKSS06$,192.168.100.71,0,34.185729685732426
799,20,40,2,magaiver@empresax.COM.BR,empresaxWKS14A$,192.168.100.59,0,57.22426552269846
800,18,37,2,hanskelsen@empresax.COM.BR,empresaxWKS05$,192.168.100.64,0,0.8064414883642423
801,16,7,2,backwidow@empresax.COM.BR,empresaxWKSS06$,192.168.100.71,0,5.132078522528271
802,17,11,2,theteacher@empresax.COM.BR,empresaxLAB02$,192.168.100.58,0,4.617485275843495
803,19,32,2,magaiver@empresax.COM.BR,empresaxWKS14A$,192.168.100.59,0,59.68940120250676
804,19,46,2,magaiver@empresax.COM.BR,empresaxWKS14A$,192.168.100.59,0,51.683086829930076
805,10,30,2,mutley@empresax.COM.BR,MIGRADOR$,192.168.102.221,0,2.086561570994081
806,12,22,2,laracroft@empresax.COM.BR,empresaxWKS13A$,192.168.100.75,0,32.91336680950351
807,20,3,2,mutley@empresax.COM.BR,MIGRADOR$,192.168.102.221,0,54.32738638512166
808,16,50,2,magaiver@empresax.COM.BR,empresaxWKS14A$,192.168.100.55,0,0.6810099918810741
809,13,14,2,maryjane@empresax.COM.BR,empresaxLAB04$,192.168.100.62,0,25.561812209170068
810,15,5,2,theteacher@empresax.COM.BR,empresaxLAB02$,192.168.100.58,0,4.731861127772405
811,18,24,2,maryjane@empresax.COM.BR,empresaxLAB04$,192.168.100.62,0,1.4874140982423922
812,17,13,2,theteacher@empresax.COM.BR,empresaxLAB02$,192.168.100.58,0,4.313141330749427
813,13,10,2,hanskelsen@empresax.COM.BR,empresaxWKS05$,192.168.100.64,0,30.338579102302056
814,13,26,2,kael-el@empresax.COM.BR,empresaxWKSLEN02$,192.168.100.54,0,39.27163221463448
815,16,9,2,maryjane@empresax.COM.BR,empresaxLAB04$,192.168.100.62,0,0.2366018864090158
816,20,12,2,magaiver@empresax.COM.BR,empresaxWKS14A$,192.168.100.55,0,56.336525947753195
817,17,31,2,kael-el@empresax.COM.BR,empresaxWKSLEN02$,192.168.100.54,0,4.903037615185735
818,15,23,2,dora@empresax.COM.BR,empresaxNOTE-LAB03$,192.168.100.59,0,7.310255416007219
819,11,35,2,theteacher@empresax.COM.BR,empresaxLAB02$,192.168.100.58,0,4.987547120760825
820,11,58,2,magaiver@empresax.COM.BR,empresaxWKS14A$,192.168.100.55,0,8.61267814716085
821,16,57,2,kael-el@empresax.COM.BR,empresaxWKSLEN02$,192.168.100.54,0,0.83079515702281
822,18,34,2,sid@empresax.COM.BR,empresaxWKS11$,192.168.100.78,0,8.657283495589446
823,20,19,2,hanskelsen@empresax.COM.BR,empresaxWKS05$,192.168.100.64,0,52.27009388186238
824,13,15,2,jinx@empresax.COM.BR,empresaxLAB03$,192.168.100.67,0,24.955863492016995
825,20,27,2,laracroft@empresax.COM.BR,empresaxWKS13A$,192.168.100.75,0,59.57064385419242
826,6,45,1,mutley@empresax.COM.BR,HYPERV$,127.0.0.1,0,43.14099513090385
827,15,25,1,pogó@empresax.COM.BR,empresaxTAB01$,192.168.100.77,0,1.8887741870185037
828,13,36,1,theteacher@empresax.COM.BR,empresaxLAB02$,192.168.100.57,0,38.209536054199376
829,15,38,1,pogó@empresax.COM.BR,empresaxLAB05$,192.168.100.66,0,7.201805304810328
830,15,41,1,jinx@empresax.COM.BR,empresaxLAB03$,192.168.100.60,0,0.7360140400693338
831,20,34,1,magaiver@empresax.COM.BR,empresaxWKS14A$,192.168.100.59,0,57.15413241027878
832,17,30,1,backwidow@empresax.COM.BR,empresaxWKSS06$,192.168.100.71,0,8.86031285545344
833,11,52,1,theteacher@empresax.COM.BR,empresaxLAB02$,192.168.100.57,0,5.898240429949835
834,13,31,1,backwidow@empresax.COM.BR,empresaxWKSS06$,192.168.100.71,0,26.84387587192863
835,14,37,1,mutley@empresax.COM.BR,HYPERV$,192.168.102.221,0,1.7791116450754163
836,14,38,1,pogó@empresax.COM.BR,empresaxLAB05$,192.168.100.66,0,7.891789058156913
837,16,21,1,kael-el@empresax.COM.BR,empresaxWKSLEN02$,192.168.100.54,0,8.562100569783807
838,17,17,1,hanskelsen@empresax.COM.BR,empresaxWKS05$,192.168.100.64,0,7.488487397486726
839,18,36,1,kael-el@empresax.COM.BR,empresaxWKSLEN02$,192.168.100.54,0,1.7630250512466505
840,19,7,1,kael-el@empresax.COM.BR,empresaxWKSLEN02$,192.168.100.54,0,53.60160699411653
841,15,22,1,theteacher@empresax.COM.BR,empresaxLAB02$,192.168.100.57,0,5.838721643604362
842,16,35,1,kael-el@empresax.COM.BR,empresaxWKSLEN02$,192.168.100.54,0,1.7012208251796213
843,15,28,1,sid@empresax.COM.BR,empresaxWKS11$,192.168.100.68,0,5.242987502026444
844,18,3,1,backwidow@empresax.COM.BR,empresaxWKSS06$,192.168.100.71,0,3.284584731351885
845,18,44,1,maryjane@empresax.COM.BR,empresaxLAB04$,192.168.100.58,0,9.83986392432122
846,20,0,1,hanskelsen@empresax.COM.BR,empresaxWKS05$,192.168.100.64,0,58.15708757150166
847,11,52,1,jinx@empresax.COM.BR,empresaxLAB03$,192.168.100.60,0,0.6140522025195438
848,12,48,1,hanskelsen@empresax.COM.BR,empresaxWKS05$,192.168.100.64,0,38.59609075722988
849,17,12,1,theteacher@empresax.COM.BR,empresaxLAB02$,192.168.100.57,0,7.111713520069451
850,20,34,1,pogó@empresax.COM.BR,empresaxTAB01$,192.168.100.77,0,55.675895573076644
851,16,17,1,jinx@empresax.COM.BR,empresaxLAB03$,192.168.100.60,0,5.851099722801408
852,16,17,1,kael-el@empresax.COM.BR,empresaxWKSLEN02$,192.168.100.54,0,6.812881580521423
853,16,20,1,magaiver@empresax.COM.BR,empresaxWKS14A$,192.168.100.59,0,0.4861930810091497
854,18,44,1,kael-el@empresax.COM.BR,empresaxWKSLEN02$,192.168.100.54,0,0.5772614926074449
855,20,14,1,pogó@empresax.COM.BR,empresaxLAB05$,192.168.100.66,0,55.77937095396396
856,12,19,1,dora@empresax.COM.BR,empresaxNOTE-LAB03$,192.168.100.65,0,37.587828229800955
857,12,30,1,kael-el@empresax.COM.BR,empresaxWKSLEN02$,192.168.100.54,0,25.395378210955162
858,12,27,1,magaiver@empresax.COM.BR,empresaxWKS14A$,192.168.100.59,0,37.29224766257819
859,14,25,1,magaiver@empresax.COM.BR,empresaxWKS14A$,192.168.100.59,0,1.9834762425261643
860,14,29,1,kael-el@empresax.COM.BR,empresaxWKSLEN02$,192.168.100.54,0,8.555435275342042
861,14,53,1,magaiver@empresax.COM.BR,empresaxWKS14A$,192.168.100.59,0,6.013537111376262
862,20,10,1,pogó@empresax.COM.BR,empresaxLAB05$,192.168.100.66,0,53.244671569209146
863,21,15,1,hanskelsen@empresax.COM.BR,empresaxWKS05$,192.168.100.64,0,54.21996342635416
864,14,31,1,theteacher@empresax.COM.BR,empresaxLAB02$,192.168.100.57,0,7.153888796784049
865,16,25,1,pogó@empresax.COM.BR,empresaxTAB01$,192.168.100.77,0,1.166422621498786
866,17,49,1,magaiver@empresax.COM.BR,empresaxWKS14A$,192.168.100.59,0,8.891836080618617
867,21,8,1,pogó@empresax.COM.BR,empresaxTAB01$,192.168.100.77,0,53.2621626712913
868,14,57,4,backwidow@empresax.COM.BR,empresaxWKSS06$,192.168.100.71,0,8.844869647079612
869,17,11,4,hanskelsen@empresax.COM.BR,HYPERV$,192.168.100.64,0,1.7748634223674176
870,18,27,4,hanskelsen@empresax.COM.BR,empresaxWKS05$,192.168.100.64,0,7.787215657263006
871,19,36,4,hanskelsen@empresax.COM.BR,HYPERV$,192.168.100.64,0,56.64037594137592
872,22,37,4,mutley@empresax.COM.BR,HYPERV$,192.168.102.221,0,
873,16,4,4,magaiver@empresax.COM.BR,empresaxWKS14A$,192.168.100.55,0,3.8719167442725757
874,16,24,4,backwidow@empresax.COM.BR,empresaxWKSS06$,192.168.100.71,0,6.035825766195307
875,14,12,4,maryjane@empresax.COM.BR,empresaxLAB04$,192.168.100.62,0,8.631583310899876
876,4,56,4,hanskelsen@empresax.COM.BR,empresaxWKS05$,192.168.100.64,0,96.05220438456665
877,16,35,4,maryjane@empresax.COM.BR,empresaxLAB04$,192.168.100.62,0,4.852024407161272
878,17,39,4,magaiver@empresax.COM.BR,empresaxWKS14A$,192.168.100.55,0,8.934689544599697
879,18,54,4,jinx@empresax.COM.BR,empresaxLAB03$,192.168.100.67,0,5.637875815225666
880,14,34,4,hanskelsen@empresax.COM.BR,empresaxWKS05$,192.168.100.64,0,9.78779716840924
881,19,29,4,theteacher@empresax.COM.BR,empresaxLAB02$,192.168.100.58,0,55.09692130453019
882,14,53,4,magaiver@empresax.COM.BR,empresaxWKS14A$,192.168.100.55,0,7.763440382691307
883,13,44,4,hanskelsen@empresax.COM.BR,HYPERV$,192.168.100.64,0,23.240765086472475
884,14,0,4,jinx@empresax.COM.BR,empresaxLAB03$,192.168.100.67,0,4.334898264695247
885,5,34,4,hanskelsen@empresax.COM.BR,empresaxWKS05$,192.168.100.64,0,95.37997831477745
886,23,11,4,hanskelsen@empresax.COM.BR,empresaxWKS05$,192.168.100.64,0,
887,18,0,4,jinx@empresax.COM.BR,empresaxLAB03$,192.168.100.67,0,3.3699881974958457
888,12,49,4,maryjane@empresax.COM.BR,empresaxLAB04$,192.168.100.62,0,20.968110013514384
889,12,16,3,hanskelsen@empresax.COM.BR,empresaxWKS05$,192.168.100.64,0,36.18675837195802
890,12,54,3,hanskelsen@empresax.COM.BR,empresaxWKS05$,192.168.100.64,0,24.88654022658894
891,15,6,3,sid@empresax.COM.BR,empresaxWKS11$,192.168.100.78,0,0.0956103071858494
892,18,29,3,hanskelsen@empresax.COM.BR,HYPERV$,192.168.100.64,0,3.04597398433068
893,20,16,3,jinx@empresax.COM.BR,empresaxLAB03$,192.168.100.56,0,55.38811622449402
894,16,50,3,sid@empresax.COM.BR,empresaxWKS11$,192.168.100.78,0,0.6401659193553721
895,17,25,3,maryjane@empresax.COM.BR,empresaxLAB04$,192.168.100.62,0,8.306278398661226
896,18,25,3,hanskelsen@empresax.COM.BR,empresaxWKS05$,192.168.100.64,0,5.007649582061939
897,12,33,3,magaiver@empresax.COM.BR,empresaxWKS14A$,192.168.100.59,0,20.75051107539992
898,12,53,3,laracroft@empresax.COM.BR,empresaxWKS13A$,192.168.100.75,0,31.4752381149655
899,14,50,3,theteacher@empresax.COM.BR,empresaxLAB02$,192.168.100.58,0,7.582767493110891
900,16,51,3,backwidow@empresax.COM.BR,empresaxWKSS06$,192.168.100.68,0,9.761576611214961
901,18,29,3,hanskelsen@empresax.COM.BR,HYPERV$,192.168.100.64,0,8.38519658336893
902,15,46,3,jinx@empresax.COM.BR,empresaxLAB03$,192.168.100.56,0,3.463625810616009
903,16,37,3,kael-el@empresax.COM.BR,empresaxWKSLEN02$,192.168.100.54,0,8.119402277983859
904,16,42,3,jinx@empresax.COM.BR,empresaxLAB03$,192.168.100.56,0,3.6516643975767216
905,20,5,3,hanskelsen@empresax.COM.BR,HYPERV$,192.168.100.64,0,54.990970590139796
906,16,55,3,laracroft@empresax.COM.BR,empresaxWKS13A$,192.168.100.75,0,9.338116137965068
907,18,34,3,pogó@empresax.COM.BR,empresaxTAB01$,192.168.100.80,0,6.691246602323584
908,19,21,3,hanskelsen@empresax.COM.BR,empresaxWKS05$,192.168.100.64,0,54.48845509349358
909,12,57,3,maryjane@empresax.COM.BR,empresaxLAB04$,192.168.100.62,0,28.224357388413672
910,13,7,3,hanskelsen@empresax.COM.BR,empresaxWKS05$,192.168.100.64,0,27.982637753780836
911,1,19,4,mutley@empresax.COM.BR,HYPERV$,192.168.102.221,1,92.89776546353649
912,4,52,1,mutley@empresax.COM.BR,HYPERV$,192.168.102.221,1,96.60097245335095
913,16,37,1,mutley@empresax.COM.BR,HYPERV$,192.168.102.221,0,7.511444212058062
914,18,45,1,theteacher@empresax.COM.BR,empresaxLAB02$,192.168.100.57,0,9.125155412880678
915,12,49,1,kael-el@empresax.COM.BR,empresaxWKSLEN02$,192.168.100.54,0,32.839682793639824
916,13,56,1,kael-el@empresax.COM.BR,empresaxWKSLEN02$,192.168.100.54,0,25.14704611034924
917,14,31,1,maryjane@empresax.COM.BR,empresaxLAB04$,192.168.100.58,0,5.640660681769081
918,15,4,1,kael-el@empresax.COM.BR,empresaxWKSLEN02$,192.168.100.54,0,2.483740207934951
919,17,43,1,laracroft@empresax.COM.BR,empresaxWKS13A$,192.168.100.78,0,0.46018177106477487
920,18,26,1,jinx@empresax.COM.BR,empresaxLAB03$,192.168.100.60,0,6.4895380507013565
921,18,44,1,laracroft@empresax.COM.BR,empresaxWKS13A$,192.168.100.78,0,9.128479771328987
922,14,28,1,pogó@empresax.COM.BR,empresaxTAB01$,192.168.100.77,0,5.644113277107779
923,15,47,1,hanskelsen@empresax.COM.BR,empresaxWKS05$,192.168.100.64,0,2.604401821800979
924,16,19,1,theteacher@empresax.COM.BR,empresaxLAB02$,192.168.100.57,0,5.31037267062046
925,18,39,1,kael-el@empresax.COM.BR,empresaxWKSLEN02$,192.168.100.54,0,6.7602225361119705
926,19,10,1,hanskelsen@empresax.COM.BR,empresaxWKS05$,192.168.100.64,0,55.98645104799203
927,11,47,1,maryjane@empresax.COM.BR,empresaxLAB04$,192.168.100.58,0,8.17215469652313
928,20,32,1,jinx@empresax.COM.BR,empresaxLAB03$,192.168.100.60,0,53.28912824833204
929,15,24,1,pogó@empresax.COM.BR,empresaxLAB05$,192.168.100.66,0,9.05634328029413
930,16,21,1,theteacher@empresax.COM.BR,empresaxLAB02$,192.168.100.57,0,2.457526847545947
931,15,1,1,maryjane@empresax.COM.BR,empresaxLAB04$,192.168.100.58,0,2.5323609881056575
932,15,38,3,kael-el@empresax.COM.BR,empresaxWKSLEN02$,192.168.100.54,0,3.4392101244165896
933,18,50,3,sid@empresax.COM.BR,empresaxWKS11$,192.168.100.78,0,6.375501731559198
934,19,15,3,sid@empresax.COM.BR,empresaxWKS11$,192.168.100.78,0,51.08830035357963
935,19,45,3,laracroft@empresax.COM.BR,empresaxWKS13A$,192.168.100.75,0,58.27799313228837
936,20,17,3,hanskelsen@empresax.COM.BR,HYPERV$,192.168.100.64,0,56.45921742324756
937,13,31,3,kael-el@empresax.COM.BR,empresaxWKSLEN02$,192.168.100.54,0,21.606332381452887
938,13,34,3,hanskelsen@empresax.COM.BR,empresaxWKS05$,192.168.100.64,0,39.36354060815678
939,13,39,3,sid@empresax.COM.BR,empresaxWKS11$,192.168.100.78,0,35.322590029195474
940,15,34,3,mutley@empresax.COM.BR,HYPERV$,192.168.102.221,0,1.7978945389821754
941,19,31,3,hanskelsen@empresax.COM.BR,HYPERV$,192.168.100.64,0,58.23563027487053
942,19,59,3,hanskelsen@empresax.COM.BR,empresaxWKS05$,192.168.100.64,0,58.56212072539264
943,13,1,3,dora@empresax.COM.BR,empresaxNOTE-LAB03$,192.168.100.60,0,29.38125547184238
944,13,18,3,pogó@empresax.COM.BR,empresaxTAB01$,192.168.100.80,0,31.751665439196252
945,18,10,3,laracroft@empresax.COM.BR,empresaxWKS13A$,192.168.100.75,0,9.919415118266006
946,18,29,3,hanskelsen@empresax.COM.BR,HYPERV$,192.168.100.64,0,2.955431547321191
947,19,20,3,magaiver@empresax.COM.BR,empresaxWKS14A$,192.168.100.59,0,57.054587699013794
948,14,23,3,hanskelsen@empresax.COM.BR,empresaxWKS05$,192.168.100.64,0,0.20893606471245385
949,17,40,3,kael-el@empresax.COM.BR,empresaxWKSLEN02$,192.168.100.54,0,3.6475949942264663
950,19,3,3,pogó@empresax.COM.BR,empresaxTAB01$,192.168.100.80,0,50.76702493995237
951,19,58,3,magaiver@empresax.COM.BR,empresaxWKS14A$,192.168.100.59,0,58.27594175874337
952,20,15,3,hanskelsen@empresax.COM.BR,empresaxWKS05$,192.168.100.64,0,53.23001047125894
953,15,27,3,pogó@empresax.COM.BR,empresaxTAB01$,192.168.100.80,0,9.977845990734508
954,11,49,3,jinx@empresax.COM.BR,empresaxLAB03$,192.168.100.56,0,0.9692452059606027
955,12,56,3,sid@empresax.COM.BR,empresaxWKS11$,192.168.100.78,0,30.730356629535063
956,19,46,3,jinx@empresax.COM.BR,empresaxLAB03$,192.168.100.56,0,58.97362071788625
957,5,49,3,mutley@empresax.COM.BR,HYPERV$,192.168.102.221,1,97.3118906388411
958,15,52,2,kael-el@empresax.COM.BR,empresaxWKSLEN02$,192.168.100.56,0,4.708932054479625
959,17,29,2,hanskelsen@empresax.COM.BR,empresaxWKS05$,192.168.100.59,0,1.4167640336129395
960,17,56,2,magaiver@empresax.COM.BR,empresaxWKS14A$,192.168.100.51,0,1.3520719896403433
961,19,8,2,kael-el@empresax.COM.BR,empresaxWKSLEN02$,192.168.100.56,0,50.34687297392511
962,22,7,2,hanskelsen@empresax.COM.BR,empresaxWKS05$,192.168.100.59,1,
963,23,0,2,laracroft@empresax.COM.BR,empresaxWKS13A$,192.168.100.64,1,
964,13,49,2,kael-el@empresax.COM.BR,empresaxWKSLEN02$,192.168.100.56,0,27.490058366535877
965,23,7,2,magaiver@empresax.COM.BR,empresaxWKS14A$,192.168.100.51,1,
966,23,52,2,laracroft@empresax.COM.BR,empresaxWKS13A$,192.168.100.64,1,
967,12,23,2,mutley@empresax.COM.BR,HYPERV$,192.168.102.221,0,22.70398767643249
968,13,52,2,hanskelsen@empresax.COM.BR,empresaxWKS05$,192.168.100.59,0,20.371643280420617
969,14,51,2,laracroft@empresax.COM.BR,empresaxWKS13A$,192.168.100.64,0,1.0799408893924811
970,16,14,2,kael-el@empresax.COM.BR,empresaxWKSLEN02$,192.168.100.56,0,8.637676548043727
971,16,26,2,kael-el@empresax.COM.BR,empresaxWKSLEN02$,192.168.100.56,0,5.279930773513942
972,18,20,2,hanskelsen@empresax.COM.BR,empresaxWKS05$,192.168.100.59,0,6.1196627981159955
973,18,44,2,kael-el@empresax.COM.BR,empresaxWKSLEN02$,192.168.100.56,0,8.778296521991397
974,19,59,2,pogó@empresax.COM.BR,empresaxLAB05$,192.168.100.66,0,57.11394380537912
975,0,8,3,kael-el@empresax.COM.BR,empresaxWKSLEN02$,192.168.100.56,1,
976,11,45,2,kael-el@empresax.COM.BR,empresaxWKSLEN02$,192.168.100.56,0,0.48532431618306227
977,12,49,2,hanskelsen@empresax.COM.BR,empresaxWKS05$,192.168.100.59,0,38.718238556912794
978,13,18,2,theteacher@empresax.COM.BR,empresaxLAB02$,192.168.100.57,0,34.22748023704908
979,14,58,2,hanskelsen@empresax.COM.BR,empresaxWKS05$,192.168.100.59,0,1.703091288905365
980,15,39,2,kael-el@empresax.COM.BR,empresaxWKSLEN02$,192.168.100.56,0,6.345564327000783
981,13,15,2,pogó@empresax.COM.BR,empresaxLAB05$,192.168.100.66,0,35.311761250651585
982,14,3,2,kael-el@empresax.COM.BR,empresaxWKSLEN02$,192.168.100.56,0,2.583181575297896
983,17,3,2,laracroft@empresax.COM.BR,empresaxWKS13A$,192.168.100.64,0,3.9333760740853108
984,20,16,2,maryjane@empresax.COM.BR,empresaxLAB04$,192.168.100.58,0,56.38873641135913
985,20,32,2,pogó@empresax.COM.BR,empresaxLAB05$,192.168.100.66,0,51.2943476531259
986,22,58,2,kael-el@empresax.COM.BR,empresaxWKSLEN02$,192.168.100.56,1,
987,22,56,2,maryjane@empresax.COM.BR,empresaxLAB04$,192.168.100.58,1,
988,23,21,2,kael-el@empresax.COM.BR,empresaxWKSLEN02$,192.168.100.56,0,
989,18,46,2,jinx@empresax.COM.BR,empresaxLAB03$,192.168.100.67,0,4.949164852834375
990,22,51,2,hanskelsen@empresax.COM.BR,HYPERV$,192.168.100.64,1,
991,15,1,2,sid@empresax.COM.BR,empresaxWKS11$,192.168.100.55,0,7.121336326215477
992,19,58,2,kael-el@empresax.COM.BR,empresaxWKSLEN02$,192.168.100.60,0,53.07401622360068
993,18,32,2,laracroft@empresax.COM.BR,empresaxWKS13A$,192.168.100.75,0,9.145096941987443
994,16,4,2,theteacher@empresax.COM.BR,empresaxLAB02$,192.168.100.58,0,7.583615094330814
995,16,1,2,pogó@empresax.COM.BR,empresaxTAB01$,192.168.100.68,0,8.06688519969251
996,16,10,2,kael-el@empresax.COM.BR,empresaxWKSLEN02$,192.168.100.60,0,9.276312350212283
997,16,46,2,hanskelsen@empresax.COM.BR,HYPERV$,192.168.100.64,0,6.063723819335714
998,15,35,2,pogó@empresax.COM.BR,empresaxLAB05$,192.168.100.66,0,2.3999204069722135
999,16,51,2,magaiver@empresax.COM.BR,empresaxWKS14A$,192.168.100.59,0,0.7007203134719009
1000,17,50,2,hanskelsen@empresax.COM.BR,HYPERV$,192.168.100.64,0,3.535423264919352
1001,19,25,2,jinx@empresax.COM.BR,empresaxLAB03$,192.168.100.67,0,51.201823084303136
1002,19,54,2,hanskelsen@empresax.COM.BR,empresaxWKS05$,192.168.100.64,0,59.88830011877335
1003,18,9,2,jinx@empresax.COM.BR,empresaxLAB03$,192.168.100.67,0,1.2458000973523065
1004,12,7,2,mutley@empresax.COM.BR,HYPERV$,192.168.102.221,0,26.639831322974462
1005,14,16,2,hanskelsen@empresax.COM.BR,empresaxWKS05$,192.168.100.64,0,9.39122108369739
1006,16,48,2,hanskelsen@empresax.COM.BR,HYPERV$,192.168.100.64,0,1.7614612008408193
1007,16,58,2,kael-el@empresax.COM.BR,empresaxWKSLEN02$,192.168.100.60,0,4.967365694737866
1008,18,8,2,kael-el@empresax.COM.BR,empresaxWKSLEN02$,192.168.100.60,0,3.045574479828633
1009,18,20,2,jinx@empresax.COM.BR,empresaxLAB03$,192.168.100.67,0,4.853552030458681
1010,11,58,2,magaiver@empresax.COM.BR,empresaxWKS14A$,192.168.100.59,0,6.1349602708258875
1011,12,43,2,magaiver@empresax.COM.BR,empresaxWKS14A$,192.168.100.59,0,35.07999956213166
1012,11,37,2,magaiver@empresax.COM.BR,empresaxWKS14A$,192.168.100.55,0,3.5017504130543218
1013,12,34,2,kael-el@empresax.COM.BR,empresaxWKSLEN02$,192.168.100.54,0,39.438936157502084
1014,16,3,2,magaiver@empresax.COM.BR,empresaxWKS14A$,192.168.100.55,0,7.510684919713152
1015,18,11,2,backwidow@empresax.COM.BR,empresaxWKSS06$,192.168.100.76,0,2.2609320171743033
1016,13,15,2,theteacher@empresax.COM.BR,empresaxLAB02$,192.168.100.58,0,35.722199489675845
1017,13,55,2,laracroft@empresax.COM.BR,empresaxWKS13A$,192.168.100.75,0,21.553367291833517
1018,15,51,2,theteacher@empresax.COM.BR,empresaxLAB02$,192.168.100.58,0,8.867799724370583
1019,18,47,2,jinx@empresax.COM.BR,empresaxLAB03$,192.168.100.67,0,2.503453502077684
1020,17,14,2,kael-el@empresax.COM.BR,empresaxWKSLEN02$,192.168.100.54,0,1.1672453754617318
1021,17,11,2,theteacher@empresax.COM.BR,empresaxLAB02$,192.168.100.58,0,6.689302192076504
1022,13,50,2,dora@empresax.COM.BR,empresaxNOTE-LAB03$,192.168.100.59,0,28.48172419716405
1023,17,36,2,magaiver@empresax.COM.BR,empresaxWKS14A$,192.168.100.55,0,1.3016712595679358
1024,18,30,2,theteacher@empresax.COM.BR,empresaxLAB02$,192.168.100.58,0,9.059577662015956
1025,19,25,2,laracroft@empresax.COM.BR,empresaxWKS13A$,192.168.100.75,0,58.36609534972997
1026,16,53,2,laracroft@empresax.COM.BR,empresaxWKS13A$,192.168.100.75,0,0.772508515899597
1027,19,0,2,magaiver@empresax.COM.BR,empresaxWKS14A$,192.168.100.55,0,50.095842783548356
1028,10,30,2,mutley@empresax.COM.BR,HYPERV$,192.168.102.221,0,9.619856889104941
1029,12,8,2,jinx@empresax.COM.BR,empresaxLAB03$,192.168.100.67,0,24.165553764356567
1030,13,36,2,laracroft@empresax.COM.BR,empresaxWKS13A$,192.168.100.75,0,29.47009539630941
1031,21,48,2,pogó@empresax.COM.BR,empresaxTAB01$,192.168.100.80,0,50.179153095869374
1032,13,2,3,theteacher@empresax.COM.BR,empresaxLAB02$,192.168.100.58,0,22.16644274250278
1033,13,19,3,hanskelsen@empresax.COM.BR,empresaxWKS05$,192.168.100.64,0,35.62578209597605
1034,14,7,3,magaiver@empresax.COM.BR,empresaxWKS14A$,192.168.100.59,0,6.182999363445937
1035,15,7,3,magaiver@empresax.COM.BR,empresaxWKS14A$,192.168.100.59,0,1.7574334080481668
1036,17,37,3,maryjane@empresax.COM.BR,empresaxLAB04$,192.168.100.62,0,8.995901477078046
1037,2,56,4,hanskelsen@empresax.COM.BR,empresaxWKS05$,192.168.100.64,0,95.03866518982854
1038,16,32,3,kael-el@empresax.COM.BR,empresaxWKSLEN02$,192.168.100.60,0,3.2979534450213013
1039,18,29,3,maryjane@empresax.COM.BR,empresaxLAB04$,192.168.100.62,0,6.705462952101899
1040,18,29,3,jinx@empresax.COM.BR,empresaxLAB03$,192.168.100.67,0,4.348198063027045
1041,12,44,3,hanskelsen@empresax.COM.BR,empresaxWKS05$,192.168.100.64,0,31.320297974373915
1042,12,58,3,kael-el@empresax.COM.BR,empresaxWKSLEN02$,192.168.100.60,0,28.955248954878616
1043,14,53,3,kael-el@empresax.COM.BR,empresaxWKSLEN02$,192.168.100.60,0,7.703240283242845
1044,15,59,3,maryjane@empresax.COM.BR,empresaxLAB04$,192.168.100.62,0,9.24969293705192
1045,16,1,3,dora@empresax.COM.BR,empresaxNOTE-LAB03$,192.168.100.65,0,4.056356451017912
1046,16,33,3,sid@empresax.COM.BR,empresaxWKS11$,192.168.100.69,0,1.7190397386240563
1047,17,36,3,jinx@empresax.COM.BR,empresaxLAB03$,192.168.100.67,0,0.10755426590796646
1048,17,38,3,sid@empresax.COM.BR,empresaxWKS11$,192.168.100.69,0,9.567032327315008
1049,19,12,3,theteacher@empresax.COM.BR,empresaxLAB02$,192.168.100.58,0,58.392198884239846
1050,19,14,3,laracroft@empresax.COM.BR,empresaxWKS13A$,192.168.100.75,0,58.78229006410557
1051,17,46,3,theteacher@empresax.COM.BR,empresaxLAB02$,192.168.100.58,0,3.3512327248298943
1052,18,14,3,hanskelsen@empresax.COM.BR,empresaxWKS05$,192.168.100.64,0,1.5701367305826897
1053,5,22,3,hanskelsen@empresax.COM.BR,HYPERV$,192.168.100.64,0,97.3213351262139
1054,15,6,3,theteacher@empresax.COM.BR,empresaxLAB02$,192.168.100.58,0,6.451033791573887
1055,15,23,3,theteacher@empresax.COM.BR,empresaxLAB02$,192.168.100.58,0,5.870755468700795
1056,16,30,3,magaiver@empresax.COM.BR,empresaxWKS14A$,192.168.100.59,0,5.146225485753936
1057,12,9,3,pogó@empresax.COM.BR,empresaxTAB01$,192.168.100.80,0,29.98110489996413
1058,12,31,3,kael-el@empresax.COM.BR,empresaxWKSLEN02$,192.168.100.54,0,21.86177160759621
1059,13,11,3,magaiver@empresax.COM.BR,empresaxWKS14A$,192.168.100.59,0,26.8960559487196
1060,15,12,3,maryjane@empresax.COM.BR,empresaxLAB04$,192.168.100.62,0,1.4621444400456962
1061,19,24,3,hanskelsen@empresax.COM.BR,HYPERV$,192.168.100.64,0,54.85528988857827
1062,22,34,3,hanskelsen@empresax.COM.BR,HYPERV$,192.168.100.64,1,
1063,13,2,3,hanskelsen@empresax.COM.BR,empresaxWKS05$,192.168.100.64,0,23.085506807488983
1064,15,8,3,kael-el@empresax.COM.BR,empresaxWKSLEN02$,192.168.100.54,0,6.9971737670709535
1065,15,19,3,magaiver@empresax.COM.BR,empresaxWKS14A$,192.168.100.59,0,4.724631884784963
1066,18,12,3,sid@empresax.COM.BR,empresaxWKS11$,192.168.100.78,0,5.762540223302057
1067,20,33,3,hanskelsen@empresax.COM.BR,empresaxWKS05$,192.168.100.64,0,57.19475549573619
1068,12,19,3,dora@empresax.COM.BR,empresaxNOTE-LAB03$,192.168.100.60,0,34.94018302202598
1069,14,22,3,pogó@empresax.COM.BR,empresaxTAB01$,192.168.100.80,0,2.7718047164246418
1070,19,52,3,pogó@empresax.COM.BR,empresaxTAB01$,192.168.100.80,0,53.277471573798714
1071,11,49,3,theteacher@empresax.COM.BR,empresaxLAB02$,192.168.100.58,0,5.748164715724842
1072,22,34,3,hanskelsen@empresax.COM.BR,HYPERV$,192.168.100.64,1,
1073,14,11,3,pogó@empresax.COM.BR,empresaxTAB01$,192.168.100.80,0,4.541183730791789
1074,20,27,3,maryjane@empresax.COM.BR,empresaxLAB04$,192.168.100.62,0,59.676924788852304
1075,17,28,3,laracroft@empresax.COM.BR,empresaxWKS13A$,192.168.100.75,0,3.139813234842875
1076,18,49,3,kael-el@empresax.COM.BR,empresaxWKSLEN02$,192.168.100.54,0,8.710154684350135
1077,11,46,3,kael-el@empresax.COM.BR,empresaxWKSLEN02$,192.168.100.54,0,3.373827821861033
1078,19,27,3,hanskelsen@empresax.COM.BR,empresaxWKS05$,192.168.100.64,0,54.01442443212063
1079,0,44,4,hanskelsen@empresax.COM.BR,HYPERV$,192.168.100.64,0,
1080,12,41,3,hanskelsen@empresax.COM.BR,empresaxWKS05$,192.168.100.64,0,35.59739407127652
1081,14,55,3,magaiver@empresax.COM.BR,empresaxWKS14A$,192.168.100.59,0,5.577889063094502
1082,16,37,3,magaiver@empresax.COM.BR,empresaxWKS14A$,192.168.100.59,0,5.3361858646336815
1083,17,51,3,theteacher@empresax.COM.BR,empresaxLAB02$,192.168.100.58,0,5.863409127220489
1084,12,40,3,dora@empresax.COM.BR,empresaxNOTE-LAB03$,192.168.100.60,0,31.032838069980514
1085,17,9,3,hanskelsen@empresax.COM.BR,empresaxWKS05$,192.168.100.64,0,4.396649494458735
1086,18,13,3,pogó@empresax.COM.BR,empresaxTAB01$,192.168.100.80,0,2.955616888588257
1087,18,44,3,magaiver@empresax.COM.BR,empresaxWKS14A$,192.168.100.59,0,7.731701766812373
1088,18,59,3,kael-el@empresax.COM.BR,empresaxWKSLEN02$,192.168.100.54,0,7.204944592356758
1089,19,41,3,pogó@empresax.COM.BR,empresaxTAB01$,192.168.100.80,0,54.21340513462179
1090,12,24,3,pogó@empresax.COM.BR,empresaxTAB01$,192.168.100.80,0,26.726129846825117
1091,13,36,3,magaiver@empresax.COM.BR,empresaxWKS14A$,192.168.100.59,0,26.967082771741374
1092,14,42,3,kael-el@empresax.COM.BR,empresaxWKSLEN02$,192.168.100.54,0,4.096722164389085
1093,17,14,3,pogó@empresax.COM.BR,empresaxTAB01$,192.168.100.80,0,0.23558569665181106
1094,20,33,3,hanskelsen@empresax.COM.BR,HYPERV$,192.168.100.64,0,52.27128365410554
1095,13,17,3,theteacher@empresax.COM.BR,empresaxLAB02$,192.168.100.58,0,25.82283213263031
1096,13,38,3,jinx@empresax.COM.BR,empresaxLAB03$,192.168.100.56,0,22.496156676712427
1097,18,18,3,kael-el@empresax.COM.BR,empresaxWKSLEN02$,192.168.100.54,0,2.32082720320969
1098,19,4,3,theteacher@empresax.COM.BR,empresaxLAB02$,192.168.100.58,0,52.35481204416141
1099,13,53,3,dora@empresax.COM.BR,empresaxNOTE-LAB03$,192.168.100.60,0,28.73463028903069
1100,14,30,3,backwidow@empresax.COM.BR,empresaxWKSS06$,192.168.100.68,0,6.448797508117652
1101,18,27,3,maryjane@empresax.COM.BR,empresaxLAB04$,192.168.100.62,0,9.640242005759667
